No.,Status,Site Code,Site 유형,업체,항구/공항 코드,기업식별 코드,Duns No.,국가/지역,행정구역,주소(Eng),주소(Local),위도,경도,관련 협력사 코드,수정일,Site 출처,STD 주소,STD 업체명,표준화,분류 코드,비고,표준 위도,표준 경도,place_id,참조 URL,addressComponents
1,재검토요청,S448903,제조업체,한라정밀,,5076197511,321872374,KR: 한국,13: Seoul,"중구 을지로 26, Seoul 04539",서울특별시 중구 을지로 26 (04539),37.566010,126.982877,D7DQ,2026-02-11,원 메이커,"26 Euljiro, Jung-gu, Seoul, Seoul 04539",한라정밀,확인 필요,UNVERIFIED_NOT_FOUND,표준·기존 좌표는 정합하나 TextSearch에서 업체 미발견,37.566010,126.982877,,https://www.google.com/maps/search/?api=1&query=%ED%95%9C%EB%9D%BC%EC%A0%95%EB%B0%80%20%EC%84%9C%EC%9A%B8%ED%8A%B9%EB%B3%84%EC%8B%9C%20%EC%A4%91%EA%B5%AC%20%EC%9D%84%EC%A7%80%EB%A1%9C%2026%20%2804539%29,"[{""types"": [""street_number""], ""long_text"": ""26"", ""short_text"": ""26"", ""language_code"": null, ""source_api"": ""geocoding""}, {""types"": [""route""], ""long_text"": ""26 Euljiro, Jung-gu"", ""short_text"": ""26 Euljiro, Jung-gu"", ""language_code"": null, ""source_api"": ""geocoding""}, {""types"": [""locality""], ""long_text"": ""Seoul"", ""short_text"": ""Seoul"", ""language_code"": null, ""source_api"": ""geocoding""}, {""types"": [""administrative_area_level_1""], ""long_text"": ""Seoul"", ""short_text"": ""Seoul"", ""language_code"": null, ""source_api"": ""geocoding""}, {""types"": [""country""], ""long_text"": ""한국"", ""short_text"": ""KR"", ""language_code"": null, ""source_api"": ""geocoding""}, {""types"": [""postal_code""], ""long_text"": ""04539"", ""short_text"": ""04539"", ""language_code"": null, ""source_api"": ""geocoding""}]"
2,검증중,S620541,항구,日本精密,JPTYO,3530641244,02-442-6764,JP: 일본,13: Tokyo,"2-11-1 Nagatacho, Chiyoda-ku, Tokyo",100-0014 東京都千代田区永田町2-11-1,35.676190,139.744730,C7AY,2026-06-09,Supply Tree,"2-11-1 Nagatacho, Chiyoda-ku, Tokyo, Tokyo 100-0014",日本精密,확인 필요,UNVERIFIED_NOT_FOUND,표준·기존 좌표는 정합하나 TextSearch에서 업체 미발견,35.676190,139.744730,,https://www.google.com/maps/search/?api=1&query=%E6%97%A5%E6%9C%AC%E7%B2%BE%E5%AF%86%20100-0014%20%E6%9D%B1%E4%BA%AC%E9%83%BD%E5%8D%83%E4%BB%A3%E7%94%B0%E5%8C%BA%E6%B0%B8%E7%94%B0%E7%94%BA2-11-1,"[{""types"": [""street_number""], ""long_text"": ""2-11-1"", ""short_text"": ""2-11-1"", ""language_code"": null, ""source_api"": ""geocoding""}, {""types"": [""route""], ""long_text"": ""2-11-1 Nagatacho, Chiyoda-ku"", ""short_text"": ""2-11-1 Nagatacho, Chiyoda-ku"", ""language_code"": null, ""source_api"": ""geocoding""}, {""types"": [""locality""], ""long_text"": ""Tokyo"", ""short_text"": ""Tokyo"", ""language_code"": null, ""source_api"": ""geocoding""}, {""types"": [""administrative_area_level_1""], ""long_text"": ""Tokyo"", ""short_text"": ""Tokyo"", ""language_code"": null, ""source_api"": ""geocoding""}, {""types"": [""country""], ""long_text"": ""일본"", ""short_text"": ""JP"", ""language_code"": null, ""source_api"": ""geocoding""}, {""types"": [""postal_code""], ""long_text"": ""100-0014"", ""short_text"": ""100-0014"", ""language_code"": null, ""source_api"": ""geocoding""}]"
3,검증중,S549561,제조업체,Huaxin Technology,,2390749180,25-927-1009,CN: 중국,440: Guangdong,"10000 Shennan Avenue, Futian District, Shenzhen, Guangdong 518000",广东省深圳市福田区深南大道10000号 518000,22.543611,114.056880,DE4I,2026-06-07,Factory Information,"10000 Shennan Avenue, Futian District, Shenzhen, Guangdong 518000",Huaxin Technology,검증 완료,VERIFIED_GEOCODE_DIRECT,"표준·기존 좌표 정합, 표준좌표 TextSearch 매칭",22.543611,114.056880,mockT:shenzhen:10000-shennan-avenue-futian-district,https://www.google.com/maps/place/?q=place_id:mockT:shenzhen:10000-shennan-avenue-futian-district,"[{""types"": [""route""], ""long_text"": ""10000 Shennan Avenue, Futian District"", ""short_text"": ""10000 Shennan Avenue, Futian District"", ""language_code"": ""en"", ""source_api"": ""places_new""}, {""types"": [""locality""], ""long_text"": ""Shenzhen"", ""short_text"": ""Shenzhen"", ""language_code"": ""en"", ""source_api"": ""places_new""}, {""types"": [""administrative_area_level_1""], ""long_text"": ""Guangdong"", ""short_text"": ""Guangdong"", ""language_code"": ""en"", ""source_api"": ""places_new""}, {""types"": [""country""], ""long_text"": ""중국"", ""short_text"": ""CN"", ""language_code"": ""en"", ""source_api"": ""places_new""}, {""types"": [""postal_code""], ""long_text"": ""518000"", ""short_text"": ""518000"", ""language_code"": ""en"", ""source_api"": ""places_new""}]"
4,임시저장,S918778,제조업체,경인화학주식회사,,1411599780,54-873-2148,KR: 한국,12: Busan,"55 Jung@ng-daero, Dong-gu, Busan, Busan 48821",부산광역시 동구 중앙대로 55 (48821),35.115034,129.041624,F35E,2025-03-08,원 메이커,"55 Jungang-daero, Dong-gu, Busan, Busan 48821",경인화학,검증 완료,VERIFIED_TEXTSEARCH_ADDR_TEXT,"지오코딩·기존좌표 TextSearch 실패, 주소텍스트 TextSearch로 매칭(L1)",,,mockTSA:55-jungang-daero-dong-gu,https://www.google.com/maps/place/?q=place_id:mockTSA:55-jungang-daero-dong-gu,"[{""types"": [""route""], ""long_text"": ""55 Jungang-daero, Dong-gu"", ""short_text"": ""55 Jungang-daero, Dong-gu"", ""language_code"": ""en"", ""source_api"": ""places_new""}, {""types"": [""locality""], ""long_text"": ""Busan"", ""short_text"": ""Busan"", ""language_code"": ""en"", ""source_api"": ""places_new""}, {""types"": [""administrative_area_level_1""], ""long_text"": ""Busan"", ""short_text"": ""Busan"", ""language_code"": ""en"", ""source_api"": ""places_new""}, {""types"": [""country""], ""long_text"": ""한국"", ""short_text"": ""KR"", ""language_code"": ""en"", ""source_api"": ""places_new""}, {""types"": [""postal_code""], ""long_text"": ""48821"", ""short_text"": ""48821"", ""language_code"": ""en"", ""source_api"": ""places_new""}]"
5,등록확정,S832753,제조업체,海源部件有限公司,,8988328236,93-011-5992,CN: 중국,440: Guangdong,"1 Keyuan Road, Nanshan District, Shenzhen",广东省深圳市南山区科苑路1号 518057,22.537300,113.947700,TADT,2025-12-25,Supply Tree,"1 Keyuan Road, Nanshan District, Shenzhen, Guangdong 518057",海源部件,검증 완료,VERIFIED_GEOCODE_RELAXED,"표준·기존 좌표 정합, 표준좌표 TextSearch 매칭(반경 완화)",22.537300,113.947700,mockT:shenzhen:1-keyuan-road-nanshan-district,https://www.google.com/maps/place/?q=place_id:mockT:shenzhen:1-keyuan-road-nanshan-district,"[{""types"": [""route""], ""long_text"": ""1 Keyuan Road, Nanshan District"", ""short_text"": ""1 Keyuan Road, Nanshan District"", ""language_code"": ""en"", ""source_api"": ""places_new""}, {""types"": [""locality""], ""long_text"": ""Shenzhen"", ""short_text"": ""Shenzhen"", ""language_code"": ""en"", ""source_api"": ""places_new""}, {""types"": [""administrative_area_level_1""], ""long_text"": ""Guangdong"", ""short_text"": ""Guangdong"", ""language_code"": ""en"", ""source_api"": ""places_new""}, {""types"": [""country""], ""long_text"": ""중국"", ""short_text"": ""CN"", ""language_code"": ""en"", ""source_api"": ""places_new""}, {""types"": [""postal_code""], ""long_text"": ""518057"", ""short_text"": ""518057"", ""language_code"": ""en"", ""source_api"": ""places_new""}]"
6,등록확정,S087270,제조업체,日本精密,,3138047847,53-421-5096,JP: 일본,13: Tokyo,"墨田区押上1-1-2, Tokyo 131-0045",131-0045 東京都墨田区押上1-1-2,35.710060,139.810700,N6KC,2024-11-10,Supply Tree,"1-1-2 Oshiage, Sumida-ku, Tokyo, Tokyo 131-0045",日本精密,검증 완료,VERIFIED_PLACEID_MATCH,place_id 동일 → 좌표 오차로 판단(기존좌표 오류 가능),35.712060,139.810700,mockG:tokyo:1-1-2-oshiage-sumida-ku,https://www.google.com/maps/place/?q=place_id:mockG:tokyo:1-1-2-oshiage-sumida-ku,"[{""types"": [""street_number""], ""long_text"": ""1-1-2"", ""short_text"": ""1-1-2"", ""language_code"": null, ""source_api"": ""geocoding""}, {""types"": [""route""], ""long_text"": ""1-1-2 Oshiage, Sumida-ku"", ""short_text"": ""1-1-2 Oshiage, Sumida-ku"", ""language_code"": null, ""source_api"": ""geocoding""}, {""types"": [""locality""], ""long_text"": ""Tokyo"", ""short_text"": ""Tokyo"", ""language_code"": null, ""source_api"": ""geocoding""}, {""types"": [""administrative_area_level_1""], ""long_text"": ""Tokyo"", ""short_text"": ""Tokyo"", ""language_code"": null, ""source_api"": ""geocoding""}, {""types"": [""country""], ""long_text"": ""일본"", ""short_text"": ""JP"", ""language_code"": null, ""source_api"": ""geocoding""}, {""types"": [""postal_code""], ""long_text"": ""131-0045"", ""short_text"": ""131-0045"", ""language_code"": null, ""source_api"": ""geocoding""}]"
7,임시저장,S487327,제조업체,Kyungin Chemical,,0228529738,205528039,KR: 한국,13: Seoul,"14 Sejong-daero, Jung-gu, Seoul, Seoul 04524",서울특별시 중구 세종대로 14 (04524),37.566295,126.976889,HF06,2026-08-15,협력사등록,"14 Sejong-daero, Jung-gu, Seoul, Seoul 04524",Kyungin Chemical,검증 완료,VERIFIED_GEOCODE_RELAXED,"표준·기존 좌표 정합, 표준좌표 TextSearch 매칭(반경 완화)",37.566295,126.976889,mockT:seoul:14-sejong-daero-jung-gu,https://www.google.com/maps/place/?q=place_id:mockT:seoul:14-sejong-daero-jung-gu,"[{""types"": [""route""], ""long_text"": ""14 Sejong-daero, Jung-gu"", ""short_text"": ""14 Sejong-daero, Jung-gu"", ""language_code"": ""en"", ""source_api"": ""places_new""}, {""types"": [""locality""], ""long_text"": ""Seoul"", ""short_text"": ""Seoul"", ""language_code"": ""en"", ""source_api"": ""places_new""}, {""types"": [""administrative_area_level_1""], ""long_text"": ""Seoul"", ""short_text"": ""Seoul"", ""language_code"": ""en"", ""source_api"": ""places_new""}, {""types"": [""country""], ""long_text"": ""한국"", ""short_text"": ""KR"", ""language_code"": ""en"", ""source_api"": ""places_new""}, {""types"": [""postal_code""], ""long_text"": ""04524"", ""short_text"": ""04524"", ""language_code"": ""en"", ""source_api"": ""places_new""}]"
8,재검토요청,S765237,제조업체,Jinnwoo Semiconductor,,3451591553,45-175-2137,KR: 한국,13: Seoul,"Seoul, Seoul",서울특별시 영등포구 여의대로 128 (07320),37.525651,126.924191,KSGR,2024-09-17,협력사등록,"128 Yeoui-daero, Yeongdeungpo-gu, Seoul, Seoul 07320",Jinnwoo Semiconductor,검증 완료,VERIFIED_PLACEID_MATCH,"(듀얼주소 중 한쪽 지오코딩만 성공, 신뢰도 낮음) place_id 동일 → 좌표 오차로 판단(기존좌표 오류 가능)",37.527651,126.924191,mockG:seoul:128-yeoui-daero-yeongdeungpo-gu,https://www.google.com/maps/place/?q=place_id:mockG:seoul:128-yeoui-daero-yeongdeungpo-gu,"[{""types"": [""street_number""], ""long_text"": ""128"", ""short_text"": ""128"", ""language_code"": null, ""source_api"": ""geocoding""}, {""types"": [""route""], ""long_text"": ""128 Yeoui-daero, Yeongdeungpo-gu"", ""short_text"": ""128 Yeoui-daero, Yeongdeungpo-gu"", ""language_code"": null, ""source_api"": ""geocoding""}, {""types"": [""locality""], ""long_text"": ""Seoul"", ""short_text"": ""Seoul"", ""language_code"": null, ""source_api"": ""geocoding""}, {""types"": [""administrative_area_level_1""], ""long_text"": ""Seoul"", ""short_text"": ""Seoul"", ""language_code"": null, ""source_api"": ""geocoding""}, {""types"": [""country""], ""long_text"": ""한국"", ""short_text"": ""KR"", ""language_code"": null, ""source_api"": ""geocoding""}, {""types"": [""postal_code""], ""long_text"": ""07320"", ""short_text"": ""07320"", ""language_code"": null, ""source_api"": ""geocoding""}]"
9,검증중,S116176,공항,Toyo Materials,NRT,1933738149,019596428,JP: 일본,23: Aichi,"1-1-4 Meieki, Nakamura-ku, Nagoya, Aichi 450-0002",450-0002 愛知県名古屋市中村区名駅1-1-4,35.170920,136.881637,IEFG,2026-04-22,협력사등록,"1-1-4 Meieki, Nakamura-ku, Nagoya, Aichi 450-0002",Toyo Materials,검증 완료,VERIFIED_COORD_DIRECT,"지오코딩 실패, 기존좌표 TextSearch로 매칭",35.170920,136.881637,mockT:nagoya:1-1-4-meieki-nakamura-ku,https://www.google.com/maps/place/?q=place_id:mockT:nagoya:1-1-4-meieki-nakamura-ku,"[{""types"": [""route""], ""long_text"": ""1-1-4 Meieki, Nakamura-ku"", ""short_text"": ""1-1-4 Meieki, Nakamura-ku"", ""language_code"": ""en"", ""source_api"": ""places_new""}, {""types"": [""locality""], ""long_text"": ""Nagoya"", ""short_text"": ""Nagoya"", ""language_code"": ""en"", ""source_api"": ""places_new""}, {""types"": [""administrative_area_level_1""], ""long_text"": ""Aichi"", ""short_text"": ""Aichi"", ""language_code"": ""en"", ""source_api"": ""places_new""}, {""types"": [""country""], ""long_text"": ""일본"", ""short_text"": ""JP"", ""language_code"": ""en"", ""source_api"": ""places_new""}, {""types"": [""postal_code""], ""long_text"": ""450-0002"", ""short_text"": ""450-0002"", ""language_code"": ""en"", ""source_api"": ""places_new""}]"
10,검증중,S624710,제조업체,旭部品有限会社,,2192854776,90-045-3127,JP: 일본,23: Aichi,"1-1-4 Meieki, Nakamura-ku, Nagoya",450-0002 愛知県名古屋市中村区名駅1-1-4,35.170920,136.881637,YWT9,2025-10-05,협력사등록,"1-1-4 Meieki, Nakamura-ku, Nagoya, Aichi 450-0002",旭部品,검증 완료,VERIFIED_COORD_DIRECT,"지오코딩 실패, 기존좌표 TextSearch로 매칭",35.170920,136.881637,mockT:nagoya:1-1-4-meieki-nakamura-ku,https://www.google.com/maps/place/?q=place_id:mockT:nagoya:1-1-4-meieki-nakamura-ku,"[{""types"": [""route""], ""long_text"": ""1-1-4 Meieki, Nakamura-ku"", ""short_text"": ""1-1-4 Meieki, Nakamura-ku"", ""language_code"": ""en"", ""source_api"": ""places_new""}, {""types"": [""locality""], ""long_text"": ""Nagoya"", ""short_text"": ""Nagoya"", ""language_code"": ""en"", ""source_api"": ""places_new""}, {""types"": [""administrative_area_level_1""], ""long_text"": ""Aichi"", ""short_text"": ""Aichi"", ""language_code"": ""en"", ""source_api"": ""places_new""}, {""types"": [""country""], ""long_text"": ""일본"", ""short_text"": ""JP"", ""language_code"": ""en"", ""source_api"": ""places_new""}, {""types"": [""postal_code""], ""long_text"": ""450-0002"", ""short_text"": ""450-0002"", ""language_code"": ""en"", ""source_api"": ""places_new""}]"
11,등록확정,S732752,제조업체,Summit ElectronicsLtd.,,6466923549,68-498-1471,US: 미국,IL: Illinois,"875 N Michigan Avenue, Chicago","875 N Michigan Avenue, 60611 Chicago",41.898780,-87.623380,PICD,2025-02-25,Factory Information,"875 N Michigan Avenue, Chicago, Illinois 60611",Summit Electronics,검증 완료,VERIFIED_GEOCODE_RELAXED,"표준·기존 좌표 정합, 표준좌표 TextSearch 매칭(반경 완화)",41.898780,-87.623380,mockT:chicago:875-n-michigan-avenue,https://www.google.com/maps/place/?q=place_id:mockT:chicago:875-n-michigan-avenue,"[{""types"": [""route""], ""long_text"": ""875 N Michigan Avenue"", ""short_text"": ""875 N Michigan Avenue"", ""language_code"": ""en"", ""source_api"": ""places_new""}, {""types"": [""locality""], ""long_text"": ""Chicago"", ""short_text"": ""Chicago"", ""language_code"": ""en"", ""source_api"": ""places_new""}, {""types"": [""administrative_area_level_1""], ""long_text"": ""Illinois"", ""short_text"": ""Illinois"", ""language_code"": ""en"", ""source_api"": ""places_new""}, {""types"": [""country""], ""long_text"": ""미국"", ""short_text"": ""US"", ""language_code"": ""en"", ""source_api"": ""places_new""}, {""types"": [""postal_code""], ""long_text"": ""60611"", ""short_text"": ""60611"", ""language_code"": ""en"", ""source_api"": ""places_new""}]"
12,임시저장,S231065,제조업체,KYUNGIN CHEMICAL,,5412512813,80-125-9460,KR: 한국,12: Busan,"120 Jungang-daero, Jung-gu, Busan",부산광역시 중구 중앙대로 120 (48943),35.106321,129.032630,RO5H,2026-08-26,Supply Tree,"120 Jungang-daero, Jung-gu, Busan, Busan 48943",KYUNGIN CHEMICAL,검증 완료,VERIFIED_COORD_DIRECT,"지오코딩 실패, 기존좌표 TextSearch로 매칭",35.106321,129.032630,mockT:busan:120-jungang-daero-jung-gu,https://www.google.com/maps/place/?q=place_id:mockT:busan:120-jungang-daero-jung-gu,"[{""types"": [""route""], ""long_text"": ""120 Jungang-daero, Jung-gu"", ""short_text"": ""120 Jungang-daero, Jung-gu"", ""language_code"": ""en"", ""source_api"": ""places_new""}, {""types"": [""locality""], ""long_text"": ""Busan"", ""short_text"": ""Busan"", ""language_code"": ""en"", ""source_api"": ""places_new""}, {""types"": [""administrative_area_level_1""], ""long_text"": ""Busan"", ""short_text"": ""Busan"", ""language_code"": ""en"", ""source_api"": ""places_new""}, {""types"": [""country""], ""long_text"": ""한국"", ""short_text"": ""KR"", ""language_code"": ""en"", ""source_api"": ""places_new""}, {""types"": [""postal_code""], ""long_text"": ""48943"", ""short_text"": ""48943"", ""language_code"": ""en"", ""source_api"": ""places_new""}]"
13,등록확정,S260648,공항,경인화학(주),PUS,6715662752,93-931-0371,KR: 한국,09: Gyeonggi-do,"1 Samsung-ro, Yeongtong-gu, Suwon",경기도 수원시 영통구 삼성로 1 (16677),37.257356,127.052550,KMQR,2024-07-17,Factory Information,"1 Samsung-ro, Yeongtong-gu, Suwon, Gyeonggi-do 16677",경인화학,검증 완료,VERIFIED_PROXIMITY_MATCH,place_id는 다르나 두 위치가 근접 → 동일 부지로 판단,37.259356,127.052550,mockG:suwon:1-samsung-ro-yeongtong-gu,https://www.google.com/maps/place/?q=place_id:mockG:suwon:1-samsung-ro-yeongtong-gu,"[{""types"": [""street_number""], ""long_text"": ""1"", ""short_text"": ""1"", ""language_code"": null, ""source_api"": ""geocoding""}, {""types"": [""route""], ""long_text"": ""1 Samsung-ro, Yeongtong-gu"", ""short_text"": ""1 Samsung-ro, Yeongtong-gu"", ""language_code"": null, ""source_api"": ""geocoding""}, {""types"": [""locality""], ""long_text"": ""Suwon"", ""short_text"": ""Suwon"", ""language_code"": null, ""source_api"": ""geocoding""}, {""types"": [""administrative_area_level_1""], ""long_text"": ""Gyeonggi-do"", ""short_text"": ""Gyeonggi-do"", ""language_code"": null, ""source_api"": ""geocoding""}, {""types"": [""country""], ""long_text"": ""한국"", ""short_text"": ""KR"", ""language_code"": null, ""source_api"": ""geocoding""}, {""types"": [""postal_code""], ""long_text"": ""16677"", ""short_text"": ""16677"", ""language_code"": null, ""source_api"": ""geocoding""}]"
14,검증중,S796334,제조업체,海源部件,,0007853339,040683998,CN: 중국,020: Shanghai,"500 Nanjing Rd., Huangpu District, Shanghai, Shanghai 200001",上海市黄浦区南京路500号 200001,31.235180,121.477500,UM7K,2026-06-05,Factory Information,"500 Nanjing Road, Huangpu District, Shanghai, Shanghai 200001",海源部件,검증 완료,VERIFIED_GEOCODE_DIRECT,"표준·기존 좌표 정합, 표준좌표 TextSearch 매칭",31.235180,121.477500,mockT:shanghai:500-nanjing-road-huangpu-district,https://www.google.com/maps/place/?q=place_id:mockT:shanghai:500-nanjing-road-huangpu-district,"[{""types"": [""route""], ""long_text"": ""500 Nanjing Road, Huangpu District"", ""short_text"": ""500 Nanjing Road, Huangpu District"", ""language_code"": ""en"", ""source_api"": ""places_new""}, {""types"": [""locality""], ""long_text"": ""Shanghai"", ""short_text"": ""Shanghai"", ""language_code"": ""en"", ""source_api"": ""places_new""}, {""types"": [""administrative_area_level_1""], ""long_text"": ""Shanghai"", ""short_text"": ""Shanghai"", ""language_code"": ""en"", ""source_api"": ""places_new""}, {""types"": [""country""], ""long_text"": ""중국"", ""short_text"": ""CN"", ""language_code"": ""en"", ""source_api"": ""places_new""}, {""types"": [""postal_code""], ""long_text"": ""200001"", ""short_text"": ""200001"", ""language_code"": ""en"", ""source_api"": ""places_new""}]"
15,재검토요청,S214803,제조업체,zhongsheng electronics,,6166544615,817404771,CN: 중국,100: Jiangsu,200 Xinghai Street  Suzhou  Jiangsu 215028,江苏省苏州市星海街200号 215028,31.322450,120.717800,R4F2,2026-09-08,협력사등록,"200 Xinghai Street, Suzhou, Jiangsu 215028",zhongsheng electronics,검증 완료,VERIFIED_GEOCODE_DIRECT,"표준·기존 좌표 정합, 표준좌표 TextSearch 매칭",31.322450,120.717800,mockT:suzhou:200-xinghai-street,https://www.google.com/maps/place/?q=place_id:mockT:suzhou:200-xinghai-street,"[{""types"": [""route""], ""long_text"": ""200 Xinghai Street"", ""short_text"": ""200 Xinghai Street"", ""language_code"": ""en"", ""source_api"": ""places_new""}, {""types"": [""locality""], ""long_text"": ""Suzhou"", ""short_text"": ""Suzhou"", ""language_code"": ""en"", ""source_api"": ""places_new""}, {""types"": [""administrative_area_level_1""], ""long_text"": ""Jiangsu"", ""short_text"": ""Jiangsu"", ""language_code"": ""en"", ""source_api"": ""places_new""}, {""types"": [""country""], ""long_text"": ""중국"", ""short_text"": ""CN"", ""language_code"": ""en"", ""source_api"": ""places_new""}, {""types"": [""postal_code""], ""long_text"": ""215028"", ""short_text"": ""215028"", ""language_code"": ""en"", ""source_api"": ""places_new""}]"
16,등록확정,S698303,제조업체,Huaxin Technology 有限公司,,8614591399,97-829-1594,CN: 중국,440: Guangdong,"福田区深南大道10000号, Shenzhen 518000",广东省深圳市福田区深南大道10000号 518000,22.543611,114.056880,M56T,2024-02-26,Supply Tree,"10000 Shennan Avenue, Futian District, Shenzhen, Guangdong 518000",Huaxin Technology,검증 완료,VERIFIED_GEOCODE_DIRECT,"표준·기존 좌표 정합, 표준좌표 TextSearch 매칭",22.543611,114.056880,mockT:shenzhen:10000-shennan-avenue-futian-district,https://www.google.com/maps/place/?q=place_id:mockT:shenzhen:10000-shennan-avenue-futian-district,"[{""types"": [""route""], ""long_text"": ""10000 Shennan Avenue, Futian District"", ""short_text"": ""10000 Shennan Avenue, Futian District"", ""language_code"": ""en"", ""source_api"": ""places_new""}, {""types"": [""locality""], ""long_text"": ""Shenzhen"", ""short_text"": ""Shenzhen"", ""language_code"": ""en"", ""source_api"": ""places_new""}, {""types"": [""administrative_area_level_1""], ""long_text"": ""Guangdong"", ""short_text"": ""Guangdong"", ""language_code"": ""en"", ""source_api"": ""places_new""}, {""types"": [""country""], ""long_text"": ""중국"", ""short_text"": ""CN"", ""language_code"": ""en"", ""source_api"": ""places_new""}, {""types"": [""postal_code""], ""long_text"": ""518000"", ""short_text"": ""518000"", ""language_code"": ""en"", ""source_api"": ""places_new""}]"
17,등록확정,S607790,제조업체,Jinwoo Semiconductor,,9833680374,912631546,KR: 한국,09: Gyeonggi-do,"152 Gwanggyo-ro, Yeongtong-gu, Suwon, Gyeonggi-do 16229",경기도 수원시 영통구 광교로 152 (16229),37.287280,127.046370,CSRO,2026-09-07,Factory Information,"152 Gwanggyo-ro, Yeongtong-gu, Suwon, Gyeonggi-do 16229",Jinwoo Semiconductor,확인 필요,UNVERIFIED_PLACEID_MISMATCH,표준·기존 좌표에서 서로 다른 업체 발견 → 동명이업체/위치오류 의심(두 후보 제시),37.289280,127.046370,,https://www.google.com/maps/search/?api=1&query=Jinwoo%20Semiconductor%20%EA%B2%BD%EA%B8%B0%EB%8F%84%20%EC%88%98%EC%9B%90%EC%8B%9C%20%EC%98%81%ED%86%B5%EA%B5%AC%20%EA%B4%91%EA%B5%90%EB%A1%9C%20152%20%2816229%29,"[{""types"": [""street_number""], ""long_text"": ""152"", ""short_text"": ""152"", ""language_code"": null, ""source_api"": ""geocoding""}, {""types"": [""route""], ""long_text"": ""152 Gwanggyo-ro, Yeongtong-gu"", ""short_text"": ""152 Gwanggyo-ro, Yeongtong-gu"", ""language_code"": null, ""source_api"": ""geocoding""}, {""types"": [""locality""], ""long_text"": ""Suwon"", ""short_text"": ""Suwon"", ""language_code"": null, ""source_api"": ""geocoding""}, {""types"": [""administrative_area_level_1""], ""long_text"": ""Gyeonggi-do"", ""short_text"": ""Gyeonggi-do"", ""language_code"": null, ""source_api"": ""geocoding""}, {""types"": [""country""], ""long_text"": ""한국"", ""short_text"": ""KR"", ""language_code"": null, ""source_api"": ""geocoding""}, {""types"": [""postal_code""], ""long_text"": ""16229"", ""short_text"": ""16229"", ""language_code"": null, ""source_api"": ""geocoding""}, {""types"": [""route""], ""long_text"": ""152 Gwanggyo-ro, Yeongtong-gu"", ""short_text"": ""152 Gwanggyo-ro, Yeongtong-gu"", ""language_code"": ""en"", ""source_api"": ""places_new""}, {""types"": [""locality""], ""long_text"": ""Suwon"", ""short_text"": ""Suwon"", ""language_code"": ""en"", ""source_api"": ""places_new""}, {""types"": [""administrative_area_level_1""], ""long_text"": ""Gyeonggi-do"", ""short_text"": ""Gyeonggi-do"", ""language_code"": ""en"", ""source_api"": ""places_new""}, {""types"": [""country""], ""long_text"": ""한국"", ""short_text"": ""KR"", ""language_code"": ""en"", ""source_api"": ""places_new""}, {""types"": [""postal_code""], ""long_text"": ""16229"", ""short_text"": ""16229"", ""language_code"": ""en"", ""source_api"": ""places_new""}]"
18,임시저장,S279732,제조업체,Sakura Denshi,,2794182539,963937712,JP: 일본,27: Osaka,"2-1-33 Nishishinsaibashi, Chuo-ku, Osaka, Osaka 542-0086",542-0086 大阪府中央区西心斎橋2-1-33,34.671870,135.499750,T21X,2025-05-14,Factory Information,"2-1-33 Nishishinsaibashi, Chuo-ku, Osaka, Osaka 542-0086",Sakura Denshi,확인 필요,UNVERIFIED_PLACEID_MISMATCH,표준·기존 좌표에서 서로 다른 업체 발견 → 동명이업체/위치오류 의심(두 후보 제시),34.673870,135.499750,,https://www.google.com/maps/search/?api=1&query=Sakura%20Denshi%20542-0086%20%E5%A4%A7%E9%98%AA%E5%BA%9C%E4%B8%AD%E5%A4%AE%E5%8C%BA%E8%A5%BF%E5%BF%83%E6%96%8E%E6%A9%8B2-1-33,"[{""types"": [""street_number""], ""long_text"": ""2-1-33"", ""short_text"": ""2-1-33"", ""language_code"": null, ""source_api"": ""geocoding""}, {""types"": [""route""], ""long_text"": ""2-1-33 Nishishinsaibashi, Chuo-ku"", ""short_text"": ""2-1-33 Nishishinsaibashi, Chuo-ku"", ""language_code"": null, ""source_api"": ""geocoding""}, {""types"": [""locality""], ""long_text"": ""Osaka"", ""short_text"": ""Osaka"", ""language_code"": null, ""source_api"": ""geocoding""}, {""types"": [""administrative_area_level_1""], ""long_text"": ""Osaka"", ""short_text"": ""Osaka"", ""language_code"": null, ""source_api"": ""geocoding""}, {""types"": [""country""], ""long_text"": ""일본"", ""short_text"": ""JP"", ""language_code"": null, ""source_api"": ""geocoding""}, {""types"": [""postal_code""], ""long_text"": ""542-0086"", ""short_text"": ""542-0086"", ""language_code"": null, ""source_api"": ""geocoding""}, {""types"": [""route""], ""long_text"": ""2-1-33 Nishishinsaibashi, Chuo-ku"", ""short_text"": ""2-1-33 Nishishinsaibashi, Chuo-ku"", ""language_code"": ""en"", ""source_api"": ""places_new""}, {""types"": [""locality""], ""long_text"": ""Osaka"", ""short_text"": ""Osaka"", ""language_code"": ""en"", ""source_api"": ""places_new""}, {""types"": [""administrative_area_level_1""], ""long_text"": ""Osaka"", ""short_text"": ""Osaka"", ""language_code"": ""en"", ""source_api"": ""places_new""}, {""types"": [""country""], ""long_text"": ""일본"", ""short_text"": ""JP"", ""language_code"": ""en"", ""source_api"": ""places_new""}, {""types"": [""postal_code""], ""long_text"": ""542-0086"", ""short_text"": ""542-0086"", ""language_code"": ""en"", ""source_api"": ""places_new""}]"
19,등록확정,S465433,항구,AlpinePrecision,USLGB,8267923089,582174459,US: 미국,CA: California,"1600 Amphitheatre Parkway, Mountain View","1600 Amphitheatre Parkway, 94043 Mountain View",37.422030,-122.084000,MLG4,2025-10-23,협력사등록,"1600 Amphitheatre Parkway, Mountain View, California 94043",AlpinePrecision,검증 완료,VERIFIED_GEOCODE_DIRECT,"표준·기존 좌표 정합, 표준좌표 TextSearch 매칭",37.422030,-122.084000,mockT:mountain-view:1600-amphitheatre-parkway,https://www.google.com/maps/place/?q=place_id:mockT:mountain-view:1600-amphitheatre-parkway,"[{""types"": [""route""], ""long_text"": ""1600 Amphitheatre Parkway"", ""short_text"": ""1600 Amphitheatre Parkway"", ""language_code"": ""en"", ""source_api"": ""places_new""}, {""types"": [""locality""], ""long_text"": ""Mountain View"", ""short_text"": ""Mountain View"", ""language_code"": ""en"", ""source_api"": ""places_new""}, {""types"": [""administrative_area_level_1""], ""long_text"": ""California"", ""short_text"": ""California"", ""language_code"": ""en"", ""source_api"": ""places_new""}, {""types"": [""country""], ""long_text"": ""미국"", ""short_text"": ""US"", ""language_code"": ""en"", ""source_api"": ""places_new""}, {""types"": [""postal_code""], ""long_text"": ""94043"", ""short_text"": ""94043"", ""language_code"": ""en"", ""source_api"": ""places_new""}]"
20,등록확정,S738140,제조업체,中晟电子,,9319484673,85-713-0419,CN: 중국,440: Guangdong,"10000 Shennan Avenue, Futian District, Shenzhen",广东省深圳市福田区深南大道10000号 518000,22.543611,114.056880,QC3R,2026-03-14,Factory Information,"10000 Shennan Avenue, Futian District, Shenzhen, Guangdong 518000",中晟电子,검증 완료,VERIFIED_GEOCODE_DIRECT,"표준·기존 좌표 정합, 표준좌표 TextSearch 매칭",22.543611,114.056880,mockT:shenzhen:10000-shennan-avenue-futian-district,https://www.google.com/maps/place/?q=place_id:mockT:shenzhen:10000-shennan-avenue-futian-district,"[{""types"": [""route""], ""long_text"": ""10000 Shennan Avenue, Futian District"", ""short_text"": ""10000 Shennan Avenue, Futian District"", ""language_code"": ""en"", ""source_api"": ""places_new""}, {""types"": [""locality""], ""long_text"": ""Shenzhen"", ""short_text"": ""Shenzhen"", ""language_code"": ""en"", ""source_api"": ""places_new""}, {""types"": [""administrative_area_level_1""], ""long_text"": ""Guangdong"", ""short_text"": ""Guangdong"", ""language_code"": ""en"", ""source_api"": ""places_new""}, {""types"": [""country""], ""long_text"": ""중국"", ""short_text"": ""CN"", ""language_code"": ""en"", ""source_api"": ""places_new""}, {""types"": [""postal_code""], ""long_text"": ""518000"", ""short_text"": ""518000"", ""language_code"": ""en"", ""source_api"": ""places_new""}]"
21,검증중,S664560,공항,Sungwoo Materials,ICN,9825457881,344248617,KR: 한국,12: Busan,"55 Jungang-daero, Dong-gu, Busan, Busan 48821",부산광역시 동구 중앙대로 55 (48821),35.115034,129.041624,W9GJ,2025-02-04,Factory Information,"55 Jungang-daero, Dong-gu, Busan, Busan 48821",Sungwoo Materials,검증 완료,VERIFIED_TEXTSEARCH_ADDR_TEXT,"지오코딩·기존좌표 TextSearch 실패, 주소텍스트 TextSearch로 매칭(L1)",,,mockTSA:55-jungang-daero-dong-gu,https://www.google.com/maps/place/?q=place_id:mockTSA:55-jungang-daero-dong-gu,"[{""types"": [""route""], ""long_text"": ""55 Jungang-daero, Dong-gu"", ""short_text"": ""55 Jungang-daero, Dong-gu"", ""language_code"": ""en"", ""source_api"": ""places_new""}, {""types"": [""locality""], ""long_text"": ""Busan"", ""short_text"": ""Busan"", ""language_code"": ""en"", ""source_api"": ""places_new""}, {""types"": [""administrative_area_level_1""], ""long_text"": ""Busan"", ""short_text"": ""Busan"", ""language_code"": ""en"", ""source_api"": ""places_new""}, {""types"": [""country""], ""long_text"": ""한국"", ""short_text"": ""KR"", ""language_code"": ""en"", ""source_api"": ""places_new""}, {""types"": [""postal_code""], ""long_text"": ""48821"", ""short_text"": ""48821"", ""language_code"": ""en"", ""source_api"": ""places_new""}]"
22,등록확정,S733168,공항,Haiyuan Components,SZX,5694641478,906470366,CN: 중국,100: Jiangsu,"8 Suhong West Road, Suzhou Industrial Park, Suzhou, Jiangsu 215021",江苏省苏州市苏州工业园区苏虹西路8号 215021,31.315610,120.686340,J8AR,2026-08-01,Supply Tree,"8 Suhong West Road, Suzhou Industrial Park, Suzhou, Jiangsu 215021",Haiyuan Components,검증 완료,VERIFIED_GEOCODE_DIRECT,"표준·기존 좌표 정합, 표준좌표 TextSearch 매칭",31.315610,120.686340,mockT:suzhou:8-suhong-west-road-suzhou-industrial-park,https://www.google.com/maps/place/?q=place_id:mockT:suzhou:8-suhong-west-road-suzhou-industrial-park,"[{""types"": [""route""], ""long_text"": ""8 Suhong West Road, Suzhou Industrial Park"", ""short_text"": ""8 Suhong West Road, Suzhou Industrial Park"", ""language_code"": ""en"", ""source_api"": ""places_new""}, {""types"": [""locality""], ""long_text"": ""Suzhou"", ""short_text"": ""Suzhou"", ""language_code"": ""en"", ""source_api"": ""places_new""}, {""types"": [""administrative_area_level_1""], ""long_text"": ""Jiangsu"", ""short_text"": ""Jiangsu"", ""language_code"": ""en"", ""source_api"": ""places_new""}, {""types"": [""country""], ""long_text"": ""중국"", ""short_text"": ""CN"", ""language_code"": ""en"", ""source_api"": ""places_new""}, {""types"": [""postal_code""], ""long_text"": ""215021"", ""short_text"": ""215021"", ""language_code"": ""en"", ""source_api"": ""places_new""}]"
23,재검토요청,S185946,공항,Haanla Precision,PUS,1057463371,144288006,KR: 한국,12: Busan,120 Jungang-daero  Jung-gu  Busan  Busan 48943,부산광역시 중구 중앙대로 120 (48943),35.106321,129.032630,U67F,2024-10-16,협력사등록,"120 Jungang-daero, Jung-gu, Busan, Busan 48943",Haanla Precision,검증 완료,VERIFIED_COORD_DIRECT,"지오코딩 실패, 기존좌표 TextSearch로 매칭",35.106321,129.032630,mockT:busan:120-jungang-daero-jung-gu,https://www.google.com/maps/place/?q=place_id:mockT:busan:120-jungang-daero-jung-gu,"[{""types"": [""route""], ""long_text"": ""120 Jungang-daero, Jung-gu"", ""short_text"": ""120 Jungang-daero, Jung-gu"", ""language_code"": ""en"", ""source_api"": ""places_new""}, {""types"": [""locality""], ""long_text"": ""Busan"", ""short_text"": ""Busan"", ""language_code"": ""en"", ""source_api"": ""places_new""}, {""types"": [""administrative_area_level_1""], ""long_text"": ""Busan"", ""short_text"": ""Busan"", ""language_code"": ""en"", ""source_api"": ""places_new""}, {""types"": [""country""], ""long_text"": ""한국"", ""short_text"": ""KR"", ""language_code"": ""en"", ""source_api"": ""places_new""}, {""types"": [""postal_code""], ""long_text"": ""48943"", ""short_text"": ""48943"", ""language_code"": ""en"", ""source_api"": ""places_new""}]"
24,임시저장,S562789,제조업체,海源部件,,7471795314,64-904-1648,CN: 중국,100: Jiangsu,"苏州工业园区苏虹西路8号, Suzhou 215021",江苏省苏州市苏州工业园区苏虹西路8号 215021,31.315610,120.686340,D36I,2026-01-08,Factory Information,"8 Suhong West Road, Suzhou Industrial Park, Suzhou, Jiangsu 215021",海源部件,검증 완료,VERIFIED_GEOCODE_DIRECT,"표준·기존 좌표 정합, 표준좌표 TextSearch 매칭",31.315610,120.686340,mockT:suzhou:8-suhong-west-road-suzhou-industrial-park,https://www.google.com/maps/place/?q=place_id:mockT:suzhou:8-suhong-west-road-suzhou-industrial-park,"[{""types"": [""route""], ""long_text"": ""8 Suhong West Road, Suzhou Industrial Park"", ""short_text"": ""8 Suhong West Road, Suzhou Industrial Park"", ""language_code"": ""en"", ""source_api"": ""places_new""}, {""types"": [""locality""], ""long_text"": ""Suzhou"", ""short_text"": ""Suzhou"", ""language_code"": ""en"", ""source_api"": ""places_new""}, {""types"": [""administrative_area_level_1""], ""long_text"": ""Jiangsu"", ""short_text"": ""Jiangsu"", ""language_code"": ""en"", ""source_api"": ""places_new""}, {""types"": [""country""], ""long_text"": ""중국"", ""short_text"": ""CN"", ""language_code"": ""en"", ""source_api"": ""places_new""}, {""types"": [""postal_code""], ""long_text"": ""215021"", ""short_text"": ""215021"", ""language_code"": ""en"", ""source_api"": ""places_new""}]"
25,임시저장,S471861,제조업체,DAIWA ELECTRONICS,,1713281918,745006239,JP: 일본,13: Tokyo,"1-1-2 Oshiage, Sumida-ku, Tokyo, Tokyo 131-0045",131-0045 東京都墨田区押上1-1-2,35.710060,139.810700,QW2Q,2024-11-22,원 메이커,"1-1-2 Oshiage, Sumida-ku, Tokyo, Tokyo 131-0045",DAIWA ELECTRONICS,검증 완료,VERIFIED_PLACEID_MATCH,place_id 동일 → 좌표 오차로 판단(기존좌표 오류 가능),35.712060,139.810700,mockG:tokyo:1-1-2-oshiage-sumida-ku,https://www.google.com/maps/place/?q=place_id:mockG:tokyo:1-1-2-oshiage-sumida-ku,"[{""types"": [""street_number""], ""long_text"": ""1-1-2"", ""short_text"": ""1-1-2"", ""language_code"": null, ""source_api"": ""geocoding""}, {""types"": [""route""], ""long_text"": ""1-1-2 Oshiage, Sumida-ku"", ""short_text"": ""1-1-2 Oshiage, Sumida-ku"", ""language_code"": null, ""source_api"": ""geocoding""}, {""types"": [""locality""], ""long_text"": ""Tokyo"", ""short_text"": ""Tokyo"", ""language_code"": null, ""source_api"": ""geocoding""}, {""types"": [""administrative_area_level_1""], ""long_text"": ""Tokyo"", ""short_text"": ""Tokyo"", ""language_code"": null, ""source_api"": ""geocoding""}, {""types"": [""country""], ""long_text"": ""일본"", ""short_text"": ""JP"", ""language_code"": null, ""source_api"": ""geocoding""}, {""types"": [""postal_code""], ""long_text"": ""131-0045"", ""short_text"": ""131-0045"", ""language_code"": null, ""source_api"": ""geocoding""}]"
26,등록확정,S992236,제조업체,Sungwoo Materials,,7066714455,90-142-7665,KR: 한국,13: Seoul,"14 Sejong-daero, Jung-gu, Seoul, Seoul 04524",서울특별시 중구 세종대로 14 (04524),37.566295,126.976889,AQ9B,2026-02-13,원 메이커,"14 Sejong-daero, Jung-gu, Seoul, Seoul 04524",Sungwoo Materials,검증 완료,VERIFIED_GEOCODE_RELAXED,"표준·기존 좌표 정합, 표준좌표 TextSearch 매칭(반경 완화)",37.566295,126.976889,mockT:seoul:14-sejong-daero-jung-gu,https://www.google.com/maps/place/?q=place_id:mockT:seoul:14-sejong-daero-jung-gu,"[{""types"": [""route""], ""long_text"": ""14 Sejong-daero, Jung-gu"", ""short_text"": ""14 Sejong-daero, Jung-gu"", ""language_code"": ""en"", ""source_api"": ""places_new""}, {""types"": [""locality""], ""long_text"": ""Seoul"", ""short_text"": ""Seoul"", ""language_code"": ""en"", ""source_api"": ""places_new""}, {""types"": [""administrative_area_level_1""], ""long_text"": ""Seoul"", ""short_text"": ""Seoul"", ""language_code"": ""en"", ""source_api"": ""places_new""}, {""types"": [""country""], ""long_text"": ""한국"", ""short_text"": ""KR"", ""language_code"": ""en"", ""source_api"": ""places_new""}, {""types"": [""postal_code""], ""long_text"": ""04524"", ""short_text"": ""04524"", ""language_code"": ""en"", ""source_api"": ""places_new""}]"
27,검증중,S567302,제조업체,"Summit Electronics Co., Ltd.",,0565857849,98-696-9891,US: 미국,CA: California,"1600 Amphitheatre Parkway, Mountain View 94043","1600 Amphitheatre Parkway, 94043 Mountain View",37.422030,-122.084000,WW6W,2025-11-08,Supply Tree,"1600 Amphitheatre Parkway, Mountain View, California 94043",Summit Electronics,검증 완료,VERIFIED_GEOCODE_DIRECT,"표준·기존 좌표 정합, 표준좌표 TextSearch 매칭",37.422030,-122.084000,mockT:mountain-view:1600-amphitheatre-parkway,https://www.google.com/maps/place/?q=place_id:mockT:mountain-view:1600-amphitheatre-parkway,"[{""types"": [""route""], ""long_text"": ""1600 Amphitheatre Parkway"", ""short_text"": ""1600 Amphitheatre Parkway"", ""language_code"": ""en"", ""source_api"": ""places_new""}, {""types"": [""locality""], ""long_text"": ""Mountain View"", ""short_text"": ""Mountain View"", ""language_code"": ""en"", ""source_api"": ""places_new""}, {""types"": [""administrative_area_level_1""], ""long_text"": ""California"", ""short_text"": ""California"", ""language_code"": ""en"", ""source_api"": ""places_new""}, {""types"": [""country""], ""long_text"": ""미국"", ""short_text"": ""US"", ""language_code"": ""en"", ""source_api"": ""places_new""}, {""types"": [""postal_code""], ""long_text"": ""94043"", ""short_text"": ""94043"", ""language_code"": ""en"", ""source_api"": ""places_new""}]"
28,등록확정,S699947,제조업체,Haiyuan Components,,6090378220,17-903-6828,CN: 중국,100: Jiangsu,"8 Suhong West Road, Suzhou Industrial Park, Suzhou, Jiangsu 215021",江苏省苏州市苏州工业园区苏虹西路8号 215021,31.315610,120.686340,Q99Q,2025-09-05,원 메이커,"8 Suhong West Road, Suzhou Industrial Park, Suzhou, Jiangsu 215021",Haiyuan Components,검증 완료,VERIFIED_GEOCODE_DIRECT,"표준·기존 좌표 정합, 표준좌표 TextSearch 매칭",31.315610,120.686340,mockT:suzhou:8-suhong-west-road-suzhou-industrial-park,https://www.google.com/maps/place/?q=place_id:mockT:suzhou:8-suhong-west-road-suzhou-industrial-park,"[{""types"": [""route""], ""long_text"": ""8 Suhong West Road, Suzhou Industrial Park"", ""short_text"": ""8 Suhong West Road, Suzhou Industrial Park"", ""language_code"": ""en"", ""source_api"": ""places_new""}, {""types"": [""locality""], ""long_text"": ""Suzhou"", ""short_text"": ""Suzhou"", ""language_code"": ""en"", ""source_api"": ""places_new""}, {""types"": [""administrative_area_level_1""], ""long_text"": ""Jiangsu"", ""short_text"": ""Jiangsu"", ""language_code"": ""en"", ""source_api"": ""places_new""}, {""types"": [""country""], ""long_text"": ""중국"", ""short_text"": ""CN"", ""language_code"": ""en"", ""source_api"": ""places_new""}, {""types"": [""postal_code""], ""long_text"": ""215021"", ""short_text"": ""215021"", ""language_code"": ""en"", ""source_api"": ""places_new""}]"
29,재검토요청,S599124,제조업체,Fuji Handotai,,0445226514,07-352-6627,JP: 일본,23: Aichi,"3-1-1 Sakae, Naka-ku, Nagoya, Aichi 460-0008",460-0008 愛知県名古屋市中区栄3-1-1,35.168060,136.908390,UOPF,2025-12-23,원 메이커,"3-1-1 Sakae, Naka-ku, Nagoya, Aichi 460-0008",Fuji Handotai,검증 완료,VERIFIED_TEXTSEARCH_ADDR_TEXT,"지오코딩·기존좌표 TextSearch 실패, 주소텍스트 TextSearch로 매칭(L1)",,,mockTSA:3-1-1-sakae-naka-ku,https://www.google.com/maps/place/?q=place_id:mockTSA:3-1-1-sakae-naka-ku,"[{""types"": [""route""], ""long_text"": ""3-1-1 Sakae, Naka-ku"", ""short_text"": ""3-1-1 Sakae, Naka-ku"", ""language_code"": ""en"", ""source_api"": ""places_new""}, {""types"": [""locality""], ""long_text"": ""Nagoya"", ""short_text"": ""Nagoya"", ""language_code"": ""en"", ""source_api"": ""places_new""}, {""types"": [""administrative_area_level_1""], ""long_text"": ""Aichi"", ""short_text"": ""Aichi"", ""language_code"": ""en"", ""source_api"": ""places_new""}, {""types"": [""country""], ""long_text"": ""일본"", ""short_text"": ""JP"", ""language_code"": ""en"", ""source_api"": ""places_new""}, {""types"": [""postal_code""], ""long_text"": ""460-0008"", ""short_text"": ""460-0008"", ""language_code"": ""en"", ""source_api"": ""places_new""}]"
30,등록확정,S572920,제조업체,DONGFANG PRECISION,,7880901552,896809688,CN: 중국,100: Jiangsu,"8 Suhong West Rd., Suzhou Industrial Park, Suzhou, Jiangsu 215021",江苏省苏州市苏州工业园区苏虹西路8号 215021,31.315610,120.686340,LVF9,2024-01-24,협력사등록,"8 Suhong West Road, Suzhou Industrial Park, Suzhou, Jiangsu 215021",DONGFANG PRECISION,검증 완료,VERIFIED_GEOCODE_DIRECT,"표준·기존 좌표 정합, 표준좌표 TextSearch 매칭",31.315610,120.686340,mockT:suzhou:8-suhong-west-road-suzhou-industrial-park,https://www.google.com/maps/place/?q=place_id:mockT:suzhou:8-suhong-west-road-suzhou-industrial-park,"[{""types"": [""route""], ""long_text"": ""8 Suhong West Road, Suzhou Industrial Park"", ""short_text"": ""8 Suhong West Road, Suzhou Industrial Park"", ""language_code"": ""en"", ""source_api"": ""places_new""}, {""types"": [""locality""], ""long_text"": ""Suzhou"", ""short_text"": ""Suzhou"", ""language_code"": ""en"", ""source_api"": ""places_new""}, {""types"": [""administrative_area_level_1""], ""long_text"": ""Jiangsu"", ""short_text"": ""Jiangsu"", ""language_code"": ""en"", ""source_api"": ""places_new""}, {""types"": [""country""], ""long_text"": ""중국"", ""short_text"": ""CN"", ""language_code"": ""en"", ""source_api"": ""places_new""}, {""types"": [""postal_code""], ""long_text"": ""215021"", ""short_text"": ""215021"", ""language_code"": ""en"", ""source_api"": ""places_new""}]"
31,임시저장,S752628,제조업체,Zhongsheng Electronics 股份有限公司,,7459630070,76-976-0286,CN: 중국,440: Guangdong,"1 Keyu@n Road, Nanshan District, Shenzhen, Guangdong 518057",广东省深圳市南山区科苑路1号 518057,22.537300,113.947700,UITU,2024-01-17,Supply Tree,"1 Keyuan Road, Nanshan District, Shenzhen, Guangdong 518057",Zhongsheng Electronics,검증 완료,VERIFIED_GEOCODE_RELAXED,"표준·기존 좌표 정합, 표준좌표 TextSearch 매칭(반경 완화)",22.537300,113.947700,mockT:shenzhen:1-keyuan-road-nanshan-district,https://www.google.com/maps/place/?q=place_id:mockT:shenzhen:1-keyuan-road-nanshan-district,"[{""types"": [""route""], ""long_text"": ""1 Keyuan Road, Nanshan District"", ""short_text"": ""1 Keyuan Road, Nanshan District"", ""language_code"": ""en"", ""source_api"": ""places_new""}, {""types"": [""locality""], ""long_text"": ""Shenzhen"", ""short_text"": ""Shenzhen"", ""language_code"": ""en"", ""source_api"": ""places_new""}, {""types"": [""administrative_area_level_1""], ""long_text"": ""Guangdong"", ""short_text"": ""Guangdong"", ""language_code"": ""en"", ""source_api"": ""places_new""}, {""types"": [""country""], ""long_text"": ""중국"", ""short_text"": ""CN"", ""language_code"": ""en"", ""source_api"": ""places_new""}, {""types"": [""postal_code""], ""long_text"": ""518057"", ""short_text"": ""518057"", ""language_code"": ""en"", ""source_api"": ""places_new""}]"
32,등록확정,S023001,제조업체,Sakura Denshi,,6938531525,19-392-1171,JP: 일본,27: Osaka,"2-1-33 Nishishinsaibashi, Chuo-ku, Osaka, Osaka 542-0086",542-0086 大阪府中央区西心斎橋2-1-33,34.671870,135.499750,B8Y7,2026-07-22,원 메이커,"2-1-33 Nishishinsaibashi, Chuo-ku, Osaka, Osaka 542-0086",Sakura Denshi,확인 필요,UNVERIFIED_PLACEID_MISMATCH,표준·기존 좌표에서 서로 다른 업체 발견 → 동명이업체/위치오류 의심(두 후보 제시),34.673870,135.499750,,https://www.google.com/maps/search/?api=1&query=Sakura%20Denshi%20542-0086%20%E5%A4%A7%E9%98%AA%E5%BA%9C%E4%B8%AD%E5%A4%AE%E5%8C%BA%E8%A5%BF%E5%BF%83%E6%96%8E%E6%A9%8B2-1-33,"[{""types"": [""street_number""], ""long_text"": ""2-1-33"", ""short_text"": ""2-1-33"", ""language_code"": null, ""source_api"": ""geocoding""}, {""types"": [""route""], ""long_text"": ""2-1-33 Nishishinsaibashi, Chuo-ku"", ""short_text"": ""2-1-33 Nishishinsaibashi, Chuo-ku"", ""language_code"": null, ""source_api"": ""geocoding""}, {""types"": [""locality""], ""long_text"": ""Osaka"", ""short_text"": ""Osaka"", ""language_code"": null, ""source_api"": ""geocoding""}, {""types"": [""administrative_area_level_1""], ""long_text"": ""Osaka"", ""short_text"": ""Osaka"", ""language_code"": null, ""source_api"": ""geocoding""}, {""types"": [""country""], ""long_text"": ""일본"", ""short_text"": ""JP"", ""language_code"": null, ""source_api"": ""geocoding""}, {""types"": [""postal_code""], ""long_text"": ""542-0086"", ""short_text"": ""542-0086"", ""language_code"": null, ""source_api"": ""geocoding""}, {""types"": [""route""], ""long_text"": ""2-1-33 Nishishinsaibashi, Chuo-ku"", ""short_text"": ""2-1-33 Nishishinsaibashi, Chuo-ku"", ""language_code"": ""en"", ""source_api"": ""places_new""}, {""types"": [""locality""], ""long_text"": ""Osaka"", ""short_text"": ""Osaka"", ""language_code"": ""en"", ""source_api"": ""places_new""}, {""types"": [""administrative_area_level_1""], ""long_text"": ""Osaka"", ""short_text"": ""Osaka"", ""language_code"": ""en"", ""source_api"": ""places_new""}, {""types"": [""country""], ""long_text"": ""일본"", ""short_text"": ""JP"", ""language_code"": ""en"", ""source_api"": ""places_new""}, {""types"": [""postal_code""], ""long_text"": ""542-0086"", ""short_text"": ""542-0086"", ""language_code"": ""en"", ""source_api"": ""places_new""}]"
33,재검토요청,S451429,제조업체,NipponSeimitsu,,3858991084,01-730-4548,JP: 일본,13: Tokyo,"墨田区押上1-1-2, Tokyo 131-0045",131-0045 東京都墨田区押上1-1-2,35.710060,139.810700,LGRZ,2026-06-10,원 메이커,"1-1-2 Oshiage, Sumida-ku, Tokyo, Tokyo 131-0045",NipponSeimitsu,검증 완료,VERIFIED_PLACEID_MATCH,place_id 동일 → 좌표 오차로 판단(기존좌표 오류 가능),35.712060,139.810700,mockG:tokyo:1-1-2-oshiage-sumida-ku,https://www.google.com/maps/place/?q=place_id:mockG:tokyo:1-1-2-oshiage-sumida-ku,"[{""types"": [""street_number""], ""long_text"": ""1-1-2"", ""short_text"": ""1-1-2"", ""language_code"": null, ""source_api"": ""geocoding""}, {""types"": [""route""], ""long_text"": ""1-1-2 Oshiage, Sumida-ku"", ""short_text"": ""1-1-2 Oshiage, Sumida-ku"", ""language_code"": null, ""source_api"": ""geocoding""}, {""types"": [""locality""], ""long_text"": ""Tokyo"", ""short_text"": ""Tokyo"", ""language_code"": null, ""source_api"": ""geocoding""}, {""types"": [""administrative_area_level_1""], ""long_text"": ""Tokyo"", ""short_text"": ""Tokyo"", ""language_code"": null, ""source_api"": ""geocoding""}, {""types"": [""country""], ""long_text"": ""일본"", ""short_text"": ""JP"", ""language_code"": null, ""source_api"": ""geocoding""}, {""types"": [""postal_code""], ""long_text"": ""131-0045"", ""short_text"": ""131-0045"", ""language_code"": null, ""source_api"": ""geocoding""}]"
34,등록확정,S408382,제조업체,东方精密,,9180798676,73-293-8037,CN: 중국,020: Shanghai,"1000 Century Avenue, Pudong New District, Shanghai",上海市浦东新区世纪大道1000号 200120,31.233705,121.524621,O7PN,2025-07-03,협력사등록,"1000 Century Avenue, Pudong New District, Shanghai, Shanghai 200120",东方精密,확인 필요,UNVERIFIED_REVERSE_GEOCODE_ONLY,"지오코딩·TextSearch 모두 실패, Reverse Geocoding으로 주소만 확보",31.233705,121.524621,,https://www.google.com/maps/search/?api=1&query=%E4%B8%9C%E6%96%B9%E7%B2%BE%E5%AF%86%201000%20Century%20Avenue%2C%20Pudong%20New%20District%2C%20Shanghai%2C%20Shanghai%20200120,"[{""types"": [""street_number""], ""long_text"": ""1000"", ""short_text"": ""1000"", ""language_code"": null, ""source_api"": ""geocoding""}, {""types"": [""route""], ""long_text"": ""1000 Century Avenue, Pudong New District"", ""short_text"": ""1000 Century Avenue, Pudong New District"", ""language_code"": null, ""source_api"": ""geocoding""}, {""types"": [""locality""], ""long_text"": ""Shanghai"", ""short_text"": ""Shanghai"", ""language_code"": null, ""source_api"": ""geocoding""}, {""types"": [""administrative_area_level_1""], ""long_text"": ""Shanghai"", ""short_text"": ""Shanghai"", ""language_code"": null, ""source_api"": ""geocoding""}, {""types"": [""country""], ""long_text"": ""중국"", ""short_text"": ""CN"", ""language_code"": null, ""source_api"": ""geocoding""}, {""types"": [""postal_code""], ""long_text"": ""200120"", ""short_text"": ""200120"", ""language_code"": null, ""source_api"": ""geocoding""}]"
35,검증중,S048640,항구,Hanla Precision,KRINC,3049761560,965799356,KR: 한국,09: Gyeonggi-do,"152 Gwanggyo-ro, Yeongtong-gu, Suwon, Gyeonggi-do 16229",경기도 수원시 영통구 광교로 152 (16229),37.287280,127.046370,SI5C,2024-07-09,Supply Tree,"152 Gwanggyo-ro, Yeongtong-gu, Suwon, Gyeonggi-do 16229",Hanla Precision,확인 필요,UNVERIFIED_PLACEID_MISMATCH,표준·기존 좌표에서 서로 다른 업체 발견 → 동명이업체/위치오류 의심(두 후보 제시),37.289280,127.046370,,https://www.google.com/maps/search/?api=1&query=Hanla%20Precision%20%EA%B2%BD%EA%B8%B0%EB%8F%84%20%EC%88%98%EC%9B%90%EC%8B%9C%20%EC%98%81%ED%86%B5%EA%B5%AC%20%EA%B4%91%EA%B5%90%EB%A1%9C%20152%20%2816229%29,"[{""types"": [""street_number""], ""long_text"": ""152"", ""short_text"": ""152"", ""language_code"": null, ""source_api"": ""geocoding""}, {""types"": [""route""], ""long_text"": ""152 Gwanggyo-ro, Yeongtong-gu"", ""short_text"": ""152 Gwanggyo-ro, Yeongtong-gu"", ""language_code"": null, ""source_api"": ""geocoding""}, {""types"": [""locality""], ""long_text"": ""Suwon"", ""short_text"": ""Suwon"", ""language_code"": null, ""source_api"": ""geocoding""}, {""types"": [""administrative_area_level_1""], ""long_text"": ""Gyeonggi-do"", ""short_text"": ""Gyeonggi-do"", ""language_code"": null, ""source_api"": ""geocoding""}, {""types"": [""country""], ""long_text"": ""한국"", ""short_text"": ""KR"", ""language_code"": null, ""source_api"": ""geocoding""}, {""types"": [""postal_code""], ""long_text"": ""16229"", ""short_text"": ""16229"", ""language_code"": null, ""source_api"": ""geocoding""}, {""types"": [""route""], ""long_text"": ""152 Gwanggyo-ro, Yeongtong-gu"", ""short_text"": ""152 Gwanggyo-ro, Yeongtong-gu"", ""language_code"": ""en"", ""source_api"": ""places_new""}, {""types"": [""locality""], ""long_text"": ""Suwon"", ""short_text"": ""Suwon"", ""language_code"": ""en"", ""source_api"": ""places_new""}, {""types"": [""administrative_area_level_1""], ""long_text"": ""Gyeonggi-do"", ""short_text"": ""Gyeonggi-do"", ""language_code"": ""en"", ""source_api"": ""places_new""}, {""types"": [""country""], ""long_text"": ""한국"", ""short_text"": ""KR"", ""language_code"": ""en"", ""source_api"": ""places_new""}, {""types"": [""postal_code""], ""long_text"": ""16229"", ""short_text"": ""16229"", ""language_code"": ""en"", ""source_api"": ""places_new""}]"
36,등록확정,S431146,제조업체,海源部件股份有限公司,,6035193399,617018962,CN: 중국,100: Jiangsu,8 Suhong West Road  Suzhou Industrial Park  Suzhou  Jiangsu 215021,江苏省苏州市苏州工业园区苏虹西路8号 215021,31.315610,120.686340,UJ76,2026-06-26,원 메이커,"8 Suhong West Road, Suzhou Industrial Park, Suzhou, Jiangsu 215021",海源部件,검증 완료,VERIFIED_GEOCODE_DIRECT,"표준·기존 좌표 정합, 표준좌표 TextSearch 매칭",31.315610,120.686340,mockT:suzhou:8-suhong-west-road-suzhou-industrial-park,https://www.google.com/maps/place/?q=place_id:mockT:suzhou:8-suhong-west-road-suzhou-industrial-park,"[{""types"": [""route""], ""long_text"": ""8 Suhong West Road, Suzhou Industrial Park"", ""short_text"": ""8 Suhong West Road, Suzhou Industrial Park"", ""language_code"": ""en"", ""source_api"": ""places_new""}, {""types"": [""locality""], ""long_text"": ""Suzhou"", ""short_text"": ""Suzhou"", ""language_code"": ""en"", ""source_api"": ""places_new""}, {""types"": [""administrative_area_level_1""], ""long_text"": ""Jiangsu"", ""short_text"": ""Jiangsu"", ""language_code"": ""en"", ""source_api"": ""places_new""}, {""types"": [""country""], ""long_text"": ""중국"", ""short_text"": ""CN"", ""language_code"": ""en"", ""source_api"": ""places_new""}, {""types"": [""postal_code""], ""long_text"": ""215021"", ""short_text"": ""215021"", ""language_code"": ""en"", ""source_api"": ""places_new""}]"
37,등록확정,S027465,제조업체,RHEINLAND MATERIALS,,6939474275,62-087-5008,DE: 독일,BY: Bavaria,Marienplatz 8  Munich  Bavaria 80331,"Marienplatz 8, 80331 München",48.137150,11.575490,H4A4,2025-08-26,Supply Tree,"Marienplatz 8, Munich, Bavaria 80331",RHEINLAND MATERIALS,확인 필요,UNVERIFIED_NOT_FOUND,표준·기존 좌표는 정합하나 TextSearch에서 업체 미발견,48.137150,11.575490,,https://www.google.com/maps/search/?api=1&query=RHEINLAND%20MATERIALS%20Marienplatz%208%2C%2080331%20M%C3%BCnchen,"[{""types"": [""street_number""], ""long_text"": ""Marienplatz"", ""short_text"": ""Marienplatz"", ""language_code"": null, ""source_api"": ""geocoding""}, {""types"": [""route""], ""long_text"": ""Marienplatz 8"", ""short_text"": ""Marienplatz 8"", ""language_code"": null, ""source_api"": ""geocoding""}, {""types"": [""locality""], ""long_text"": ""Munich"", ""short_text"": ""Munich"", ""language_code"": null, ""source_api"": ""geocoding""}, {""types"": [""administrative_area_level_1""], ""long_text"": ""Bavaria"", ""short_text"": ""Bavaria"", ""language_code"": null, ""source_api"": ""geocoding""}, {""types"": [""country""], ""long_text"": ""독일"", ""short_text"": ""DE"", ""language_code"": null, ""source_api"": ""geocoding""}, {""types"": [""postal_code""], ""long_text"": ""80331"", ""short_text"": ""80331"", ""language_code"": null, ""source_api"": ""geocoding""}]"
38,등록확정,S518378,제조업체,성우소재유한회사,,4824453185,524683077,KR: 한국,13: Seoul,128 Yeoui-daero  Yeongdeungpo-gu  Seoul  Seoul 07320,서울특별시 영등포구 여의대로 128 (07320),37.525651,126.924191,ZKQQ,2026-03-06,협력사등록,"128 Yeoui-daero, Yeongdeungpo-gu, Seoul, Seoul 07320",성우소재,검증 완료,VERIFIED_PLACEID_MATCH,place_id 동일 → 좌표 오차로 판단(기존좌표 오류 가능),37.527651,126.924191,mockG:seoul:128-yeoui-daero-yeongdeungpo-gu,https://www.google.com/maps/place/?q=place_id:mockG:seoul:128-yeoui-daero-yeongdeungpo-gu,"[{""types"": [""street_number""], ""long_text"": ""128"", ""short_text"": ""128"", ""language_code"": null, ""source_api"": ""geocoding""}, {""types"": [""route""], ""long_text"": ""128 Yeoui-daero, Yeongdeungpo-gu"", ""short_text"": ""128 Yeoui-daero, Yeongdeungpo-gu"", ""language_code"": null, ""source_api"": ""geocoding""}, {""types"": [""locality""], ""long_text"": ""Seoul"", ""short_text"": ""Seoul"", ""language_code"": null, ""source_api"": ""geocoding""}, {""types"": [""administrative_area_level_1""], ""long_text"": ""Seoul"", ""short_text"": ""Seoul"", ""language_code"": null, ""source_api"": ""geocoding""}, {""types"": [""country""], ""long_text"": ""한국"", ""short_text"": ""KR"", ""language_code"": null, ""source_api"": ""geocoding""}, {""types"": [""postal_code""], ""long_text"": ""07320"", ""short_text"": ""07320"", ""language_code"": null, ""source_api"": ""geocoding""}]"
39,검증중,S270116,제조업체,华芯科技,,4777340870,99-762-7168,CN: 중국,100: Jiangsu,"8 Suhong West Rd., Suzhou Industrial Park, Suzhou, Jiangsu 215021",江苏省苏州市苏州工业园区苏虹西路8号 215021,31.315610,120.686340,TWIG,2025-03-27,협력사등록,"8 Suhong West Road, Suzhou Industrial Park, Suzhou, Jiangsu 215021",华芯科技,검증 완료,VERIFIED_GEOCODE_DIRECT,"표준·기존 좌표 정합, 표준좌표 TextSearch 매칭",31.315610,120.686340,mockT:suzhou:8-suhong-west-road-suzhou-industrial-park,https://www.google.com/maps/place/?q=place_id:mockT:suzhou:8-suhong-west-road-suzhou-industrial-park,"[{""types"": [""route""], ""long_text"": ""8 Suhong West Road, Suzhou Industrial Park"", ""short_text"": ""8 Suhong West Road, Suzhou Industrial Park"", ""language_code"": ""en"", ""source_api"": ""places_new""}, {""types"": [""locality""], ""long_text"": ""Suzhou"", ""short_text"": ""Suzhou"", ""language_code"": ""en"", ""source_api"": ""places_new""}, {""types"": [""administrative_area_level_1""], ""long_text"": ""Jiangsu"", ""short_text"": ""Jiangsu"", ""language_code"": ""en"", ""source_api"": ""places_new""}, {""types"": [""country""], ""long_text"": ""중국"", ""short_text"": ""CN"", ""language_code"": ""en"", ""source_api"": ""places_new""}, {""types"": [""postal_code""], ""long_text"": ""215021"", ""short_text"": ""215021"", ""language_code"": ""en"", ""source_api"": ""places_new""}]"
40,재검토요청,S930320,제조업체,Summit Electronics,,1239457686,80-612-8173,US: 미국,CA: California,"1600 Amphitheatre Parkway, Mountain View, California 94043","1600 Amphitheatre Parkway, 94043 Mountain View",37.422030,-122.084000,QFKA,2025-07-15,Supply Tree,"1600 Amphitheatre Parkway, Mountain View, California 94043",Summit Electronics,검증 완료,VERIFIED_GEOCODE_DIRECT,"표준·기존 좌표 정합, 표준좌표 TextSearch 매칭",37.422030,-122.084000,mockT:mountain-view:1600-amphitheatre-parkway,https://www.google.com/maps/place/?q=place_id:mockT:mountain-view:1600-amphitheatre-parkway,"[{""types"": [""route""], ""long_text"": ""1600 Amphitheatre Parkway"", ""short_text"": ""1600 Amphitheatre Parkway"", ""language_code"": ""en"", ""source_api"": ""places_new""}, {""types"": [""locality""], ""long_text"": ""Mountain View"", ""short_text"": ""Mountain View"", ""language_code"": ""en"", ""source_api"": ""places_new""}, {""types"": [""administrative_area_level_1""], ""long_text"": ""California"", ""short_text"": ""California"", ""language_code"": ""en"", ""source_api"": ""places_new""}, {""types"": [""country""], ""long_text"": ""미국"", ""short_text"": ""US"", ""language_code"": ""en"", ""source_api"": ""places_new""}, {""types"": [""postal_code""], ""long_text"": ""94043"", ""short_text"": ""94043"", ""language_code"": ""en"", ""source_api"": ""places_new""}]"
41,등록확정,S691147,제조업체,Lakeside ComponentsLtd.,,6237373175,270375352,US: 미국,IL: Illinois,"875 N Michigan Ave., Chicago, Illinois 60611","875 N Michigan Avenue, 60611 Chicago",41.898780,-87.623380,AILR,2025-08-13,Factory Information,"875 N Michigan Avenue, Chicago, Illinois 60611",Lakeside Components,검증 완료,VERIFIED_GEOCODE_RELAXED,"표준·기존 좌표 정합, 표준좌표 TextSearch 매칭(반경 완화)",41.898780,-87.623380,mockT:chicago:875-n-michigan-avenue,https://www.google.com/maps/place/?q=place_id:mockT:chicago:875-n-michigan-avenue,"[{""types"": [""route""], ""long_text"": ""875 N Michigan Avenue"", ""short_text"": ""875 N Michigan Avenue"", ""language_code"": ""en"", ""source_api"": ""places_new""}, {""types"": [""locality""], ""long_text"": ""Chicago"", ""short_text"": ""Chicago"", ""language_code"": ""en"", ""source_api"": ""places_new""}, {""types"": [""administrative_area_level_1""], ""long_text"": ""Illinois"", ""short_text"": ""Illinois"", ""language_code"": ""en"", ""source_api"": ""places_new""}, {""types"": [""country""], ""long_text"": ""미국"", ""short_text"": ""US"", ""language_code"": ""en"", ""source_api"": ""places_new""}, {""types"": [""postal_code""], ""long_text"": ""60611"", ""short_text"": ""60611"", ""language_code"": ""en"", ""source_api"": ""places_new""}]"
42,등록확정,S844901,제조업체,Sungwoo Materials,,4030046443,724731147,KR: 한국,12: Busan,"55 Jungang-daero, Dong-gu, Busan, Busan 48821",부산광역시 동구 중앙대로 55 (48821),35.115034,129.041624,V2UK,2025-04-12,협력사등록,"55 Jungang-daero, Dong-gu, Busan, Busan 48821",Sungwoo Materials,검증 완료,VERIFIED_TEXTSEARCH_ADDR_TEXT,"지오코딩·기존좌표 TextSearch 실패, 주소텍스트 TextSearch로 매칭(L1)",,,mockTSA:55-jungang-daero-dong-gu,https://www.google.com/maps/place/?q=place_id:mockTSA:55-jungang-daero-dong-gu,"[{""types"": [""route""], ""long_text"": ""55 Jungang-daero, Dong-gu"", ""short_text"": ""55 Jungang-daero, Dong-gu"", ""language_code"": ""en"", ""source_api"": ""places_new""}, {""types"": [""locality""], ""long_text"": ""Busan"", ""short_text"": ""Busan"", ""language_code"": ""en"", ""source_api"": ""places_new""}, {""types"": [""administrative_area_level_1""], ""long_text"": ""Busan"", ""short_text"": ""Busan"", ""language_code"": ""en"", ""source_api"": ""places_new""}, {""types"": [""country""], ""long_text"": ""한국"", ""short_text"": ""KR"", ""language_code"": ""en"", ""source_api"": ""places_new""}, {""types"": [""postal_code""], ""long_text"": ""48821"", ""short_text"": ""48821"", ""language_code"": ""en"", ""source_api"": ""places_new""}]"
43,등록확정,S538095,공항,Haiyuan Components 有限公司,SZX,7482674893,15-517-2053,CN: 중국,100: Jiangsu,200 Xinghai Street  Suzhou  Jiangsu 215028,江苏省苏州市星海街200号 215028,31.322450,120.717800,CJL5,2026-09-01,원 메이커,"200 Xinghai Street, Suzhou, Jiangsu 215028",Haiyuan Components,검증 완료,VERIFIED_GEOCODE_DIRECT,"표준·기존 좌표 정합, 표준좌표 TextSearch 매칭",31.322450,120.717800,mockT:suzhou:200-xinghai-street,https://www.google.com/maps/place/?q=place_id:mockT:suzhou:200-xinghai-street,"[{""types"": [""route""], ""long_text"": ""200 Xinghai Street"", ""short_text"": ""200 Xinghai Street"", ""language_code"": ""en"", ""source_api"": ""places_new""}, {""types"": [""locality""], ""long_text"": ""Suzhou"", ""short_text"": ""Suzhou"", ""language_code"": ""en"", ""source_api"": ""places_new""}, {""types"": [""administrative_area_level_1""], ""long_text"": ""Jiangsu"", ""short_text"": ""Jiangsu"", ""language_code"": ""en"", ""source_api"": ""places_new""}, {""types"": [""country""], ""long_text"": ""중국"", ""short_text"": ""CN"", ""language_code"": ""en"", ""source_api"": ""places_new""}, {""types"": [""postal_code""], ""long_text"": ""215028"", ""short_text"": ""215028"", ""language_code"": ""en"", ""source_api"": ""places_new""}]"
44,재검토요청,S641860,제조업체,Jinlong Semiconductor,,2819705897,603726419,CN: 중국,020: Shanghai,"1000 Century Avenue, Pudong New District, Shanghai, Shanghai 200120",上海市浦东新区世纪大道1000号 200120,31.233705,121.524621,AWFD,2024-06-12,협력사등록,"1000 Century Avenue, Pudong New District, Shanghai, Shanghai 200120",Jinlong Semiconductor,확인 필요,UNVERIFIED_REVERSE_GEOCODE_ONLY,"지오코딩·TextSearch 모두 실패, Reverse Geocoding으로 주소만 확보",31.233705,121.524621,,https://www.google.com/maps/search/?api=1&query=Jinlong%20Semiconductor%201000%20Century%20Avenue%2C%20Pudong%20New%20District%2C%20Shanghai%2C%20Shanghai%20200120,"[{""types"": [""street_number""], ""long_text"": ""1000"", ""short_text"": ""1000"", ""language_code"": null, ""source_api"": ""geocoding""}, {""types"": [""route""], ""long_text"": ""1000 Century Avenue, Pudong New District"", ""short_text"": ""1000 Century Avenue, Pudong New District"", ""language_code"": null, ""source_api"": ""geocoding""}, {""types"": [""locality""], ""long_text"": ""Shanghai"", ""short_text"": ""Shanghai"", ""language_code"": null, ""source_api"": ""geocoding""}, {""types"": [""administrative_area_level_1""], ""long_text"": ""Shanghai"", ""short_text"": ""Shanghai"", ""language_code"": null, ""source_api"": ""geocoding""}, {""types"": [""country""], ""long_text"": ""중국"", ""short_text"": ""CN"", ""language_code"": null, ""source_api"": ""geocoding""}, {""types"": [""postal_code""], ""long_text"": ""200120"", ""short_text"": ""200120"", ""language_code"": null, ""source_api"": ""geocoding""}]"
45,등록확정,S081851,제조업체,Sakura Denshi,,1485246058,574956570,JP: 일본,13: Tokyo,"1-1-2 Oshiage, Sumida-ku, Tokyo, Tokyo 131-0045",131-0045 東京都墨田区押上1-1-2,35.710060,139.810700,SZGN,2025-03-10,원 메이커,"1-1-2 Oshiage, Sumida-ku, Tokyo, Tokyo 131-0045",Sakura Denshi,검증 완료,VERIFIED_PLACEID_MATCH,place_id 동일 → 좌표 오차로 판단(기존좌표 오류 가능),35.712060,139.810700,mockG:tokyo:1-1-2-oshiage-sumida-ku,https://www.google.com/maps/place/?q=place_id:mockG:tokyo:1-1-2-oshiage-sumida-ku,"[{""types"": [""street_number""], ""long_text"": ""1-1-2"", ""short_text"": ""1-1-2"", ""language_code"": null, ""source_api"": ""geocoding""}, {""types"": [""route""], ""long_text"": ""1-1-2 Oshiage, Sumida-ku"", ""short_text"": ""1-1-2 Oshiage, Sumida-ku"", ""language_code"": null, ""source_api"": ""geocoding""}, {""types"": [""locality""], ""long_text"": ""Tokyo"", ""short_text"": ""Tokyo"", ""language_code"": null, ""source_api"": ""geocoding""}, {""types"": [""administrative_area_level_1""], ""long_text"": ""Tokyo"", ""short_text"": ""Tokyo"", ""language_code"": null, ""source_api"": ""geocoding""}, {""types"": [""country""], ""long_text"": ""일본"", ""short_text"": ""JP"", ""language_code"": null, ""source_api"": ""geocoding""}, {""types"": [""postal_code""], ""long_text"": ""131-0045"", ""short_text"": ""131-0045"", ""language_code"": null, ""source_api"": ""geocoding""}]"
46,등록확정,S970524,제조업체,Daeyang Electronics,,4643210826,90-027-1044,KR: 한국,13: Seoul,"26 Euljiro, Jung-gu, Seoul, Seoul 04539",서울특별시 중구 을지로 26 (04539),37.566010,126.982877,C178,2025-01-24,원 메이커,"26 Euljiro, Jung-gu, Seoul, Seoul 04539",Daeyang Electronics,확인 필요,UNVERIFIED_NOT_FOUND,표준·기존 좌표는 정합하나 TextSearch에서 업체 미발견,37.566010,126.982877,,https://www.google.com/maps/search/?api=1&query=Daeyang%20Electronics%20%EC%84%9C%EC%9A%B8%ED%8A%B9%EB%B3%84%EC%8B%9C%20%EC%A4%91%EA%B5%AC%20%EC%9D%84%EC%A7%80%EB%A1%9C%2026%20%2804539%29,"[{""types"": [""street_number""], ""long_text"": ""26"", ""short_text"": ""26"", ""language_code"": null, ""source_api"": ""geocoding""}, {""types"": [""route""], ""long_text"": ""26 Euljiro, Jung-gu"", ""short_text"": ""26 Euljiro, Jung-gu"", ""language_code"": null, ""source_api"": ""geocoding""}, {""types"": [""locality""], ""long_text"": ""Seoul"", ""short_text"": ""Seoul"", ""language_code"": null, ""source_api"": ""geocoding""}, {""types"": [""administrative_area_level_1""], ""long_text"": ""Seoul"", ""short_text"": ""Seoul"", ""language_code"": null, ""source_api"": ""geocoding""}, {""types"": [""country""], ""long_text"": ""한국"", ""short_text"": ""KR"", ""language_code"": null, ""source_api"": ""geocoding""}, {""types"": [""postal_code""], ""long_text"": ""04539"", ""short_text"": ""04539"", ""language_code"": null, ""source_api"": ""geocoding""}]"
47,등록확정,S609073,제조업체,旭部品,,0946899695,566369592,JP: 일본,27: Osaka,"2-1-33 Nishishinsaibashi, Chuo-ku, Osaka, Osaka 542-0086",542-0086 大阪府中央区西心斎橋2-1-33,34.671870,135.499750,ESN2,2024-02-28,협력사등록,"2-1-33 Nishishinsaibashi, Chuo-ku, Osaka, Osaka 542-0086",旭部品,확인 필요,UNVERIFIED_PLACEID_MISMATCH,표준·기존 좌표에서 서로 다른 업체 발견 → 동명이업체/위치오류 의심(두 후보 제시),34.673870,135.499750,,https://www.google.com/maps/search/?api=1&query=%E6%97%AD%E9%83%A8%E5%93%81%20542-0086%20%E5%A4%A7%E9%98%AA%E5%BA%9C%E4%B8%AD%E5%A4%AE%E5%8C%BA%E8%A5%BF%E5%BF%83%E6%96%8E%E6%A9%8B2-1-33,"[{""types"": [""street_number""], ""long_text"": ""2-1-33"", ""short_text"": ""2-1-33"", ""language_code"": null, ""source_api"": ""geocoding""}, {""types"": [""route""], ""long_text"": ""2-1-33 Nishishinsaibashi, Chuo-ku"", ""short_text"": ""2-1-33 Nishishinsaibashi, Chuo-ku"", ""language_code"": null, ""source_api"": ""geocoding""}, {""types"": [""locality""], ""long_text"": ""Osaka"", ""short_text"": ""Osaka"", ""language_code"": null, ""source_api"": ""geocoding""}, {""types"": [""administrative_area_level_1""], ""long_text"": ""Osaka"", ""short_text"": ""Osaka"", ""language_code"": null, ""source_api"": ""geocoding""}, {""types"": [""country""], ""long_text"": ""일본"", ""short_text"": ""JP"", ""language_code"": null, ""source_api"": ""geocoding""}, {""types"": [""postal_code""], ""long_text"": ""542-0086"", ""short_text"": ""542-0086"", ""language_code"": null, ""source_api"": ""geocoding""}, {""types"": [""route""], ""long_text"": ""2-1-33 Nishishinsaibashi, Chuo-ku"", ""short_text"": ""2-1-33 Nishishinsaibashi, Chuo-ku"", ""language_code"": ""en"", ""source_api"": ""places_new""}, {""types"": [""locality""], ""long_text"": ""Osaka"", ""short_text"": ""Osaka"", ""language_code"": ""en"", ""source_api"": ""places_new""}, {""types"": [""administrative_area_level_1""], ""long_text"": ""Osaka"", ""short_text"": ""Osaka"", ""language_code"": ""en"", ""source_api"": ""places_new""}, {""types"": [""country""], ""long_text"": ""일본"", ""short_text"": ""JP"", ""language_code"": ""en"", ""source_api"": ""places_new""}, {""types"": [""postal_code""], ""long_text"": ""542-0086"", ""short_text"": ""542-0086"", ""language_code"": ""en"", ""source_api"": ""places_new""}]"
48,재검토요청,S576844,제조업체,ASAHI COMPONENTS,,2679207960,82-968-5528,JP: 일본,13: Tokyo,"2-11-1 Nagatacho, Chiyoda-ku, Tokyo",100-0014 東京都千代田区永田町2-11-1,35.676190,139.744730,RR6A,2026-06-27,Supply Tree,"2-11-1 Nagatacho, Chiyoda-ku, Tokyo, Tokyo 100-0014",ASAHI COMPONENTS,확인 필요,UNVERIFIED_NOT_FOUND,표준·기존 좌표는 정합하나 TextSearch에서 업체 미발견,35.676190,139.744730,,https://www.google.com/maps/search/?api=1&query=ASAHI%20COMPONENTS%20100-0014%20%E6%9D%B1%E4%BA%AC%E9%83%BD%E5%8D%83%E4%BB%A3%E7%94%B0%E5%8C%BA%E6%B0%B8%E7%94%B0%E7%94%BA2-11-1,"[{""types"": [""street_number""], ""long_text"": ""2-11-1"", ""short_text"": ""2-11-1"", ""language_code"": null, ""source_api"": ""geocoding""}, {""types"": [""route""], ""long_text"": ""2-11-1 Nagatacho, Chiyoda-ku"", ""short_text"": ""2-11-1 Nagatacho, Chiyoda-ku"", ""language_code"": null, ""source_api"": ""geocoding""}, {""types"": [""locality""], ""long_text"": ""Tokyo"", ""short_text"": ""Tokyo"", ""language_code"": null, ""source_api"": ""geocoding""}, {""types"": [""administrative_area_level_1""], ""long_text"": ""Tokyo"", ""short_text"": ""Tokyo"", ""language_code"": null, ""source_api"": ""geocoding""}, {""types"": [""country""], ""long_text"": ""일본"", ""short_text"": ""JP"", ""language_code"": null, ""source_api"": ""geocoding""}, {""types"": [""postal_code""], ""long_text"": ""100-0014"", ""short_text"": ""100-0014"", ""language_code"": null, ""source_api"": ""geocoding""}]"
49,등록확정,S701407,제조업체,Asahi Comonents,,2003623334,202000141,JP: 일본,23: Aichi,"3-1-1 Sakae, Naka-ku, Nagoya, Aichi 460-0008",460-0008 愛知県名古屋市中区栄3-1-1,35.168060,136.908390,AQTP,2025-04-19,원 메이커,"3-1-1 Sakae, Naka-ku, Nagoya, Aichi 460-0008",Asahi Comonents,검증 완료,VERIFIED_TEXTSEARCH_ADDR_TEXT,"지오코딩·기존좌표 TextSearch 실패, 주소텍스트 TextSearch로 매칭(L1)",,,mockTSA:3-1-1-sakae-naka-ku,https://www.google.com/maps/place/?q=place_id:mockTSA:3-1-1-sakae-naka-ku,"[{""types"": [""route""], ""long_text"": ""3-1-1 Sakae, Naka-ku"", ""short_text"": ""3-1-1 Sakae, Naka-ku"", ""language_code"": ""en"", ""source_api"": ""places_new""}, {""types"": [""locality""], ""long_text"": ""Nagoya"", ""short_text"": ""Nagoya"", ""language_code"": ""en"", ""source_api"": ""places_new""}, {""types"": [""administrative_area_level_1""], ""long_text"": ""Aichi"", ""short_text"": ""Aichi"", ""language_code"": ""en"", ""source_api"": ""places_new""}, {""types"": [""country""], ""long_text"": ""일본"", ""short_text"": ""JP"", ""language_code"": ""en"", ""source_api"": ""places_new""}, {""types"": [""postal_code""], ""long_text"": ""460-0008"", ""short_text"": ""460-0008"", ""language_code"": ""en"", ""source_api"": ""places_new""}]"
50,임시저장,S187482,제조업체,Sakura Denshi,,8225863533,113161841,JP: 일본,13: Tokyo,"2-11-1 Nagatacho, Chiyoda-ku, Tokyo, Tokyo 100-0014",100-0014 東京都千代田区永田町2-11-1,35.676190,139.744730,J02Q,2025-11-12,Supply Tree,"2-11-1 Nagatacho, Chiyoda-ku, Tokyo, Tokyo 100-0014",Sakura Denshi,확인 필요,UNVERIFIED_NOT_FOUND,표준·기존 좌표는 정합하나 TextSearch에서 업체 미발견,35.676190,139.744730,,https://www.google.com/maps/search/?api=1&query=Sakura%20Denshi%20100-0014%20%E6%9D%B1%E4%BA%AC%E9%83%BD%E5%8D%83%E4%BB%A3%E7%94%B0%E5%8C%BA%E6%B0%B8%E7%94%B0%E7%94%BA2-11-1,"[{""types"": [""street_number""], ""long_text"": ""2-11-1"", ""short_text"": ""2-11-1"", ""language_code"": null, ""source_api"": ""geocoding""}, {""types"": [""route""], ""long_text"": ""2-11-1 Nagatacho, Chiyoda-ku"", ""short_text"": ""2-11-1 Nagatacho, Chiyoda-ku"", ""language_code"": null, ""source_api"": ""geocoding""}, {""types"": [""locality""], ""long_text"": ""Tokyo"", ""short_text"": ""Tokyo"", ""language_code"": null, ""source_api"": ""geocoding""}, {""types"": [""administrative_area_level_1""], ""long_text"": ""Tokyo"", ""short_text"": ""Tokyo"", ""language_code"": null, ""source_api"": ""geocoding""}, {""types"": [""country""], ""long_text"": ""일본"", ""short_text"": ""JP"", ""language_code"": null, ""source_api"": ""geocoding""}, {""types"": [""postal_code""], ""long_text"": ""100-0014"", ""short_text"": ""100-0014"", ""language_code"": null, ""source_api"": ""geocoding""}]"
51,재검토요청,S334590,제조업체,Nexen Components,,4079003469,45-399-4705,KR: 한국,13: Seoul,"128 Yeoui-daero, Yeongdeungpo-gu, Seoul, Seoul 07320",서울특별시 영등포구 여의대로 128 (07320),37.525651,126.924191,ZIK4,2026-05-21,Supply Tree,"128 Yeoui-daero, Yeongdeungpo-gu, Seoul, Seoul 07320",Nexen Components,검증 완료,VERIFIED_PLACEID_MATCH,place_id 동일 → 좌표 오차로 판단(기존좌표 오류 가능),37.527651,126.924191,mockG:seoul:128-yeoui-daero-yeongdeungpo-gu,https://www.google.com/maps/place/?q=place_id:mockG:seoul:128-yeoui-daero-yeongdeungpo-gu,"[{""types"": [""street_number""], ""long_text"": ""128"", ""short_text"": ""128"", ""language_code"": null, ""source_api"": ""geocoding""}, {""types"": [""route""], ""long_text"": ""128 Yeoui-daero, Yeongdeungpo-gu"", ""short_text"": ""128 Yeoui-daero, Yeongdeungpo-gu"", ""language_code"": null, ""source_api"": ""geocoding""}, {""types"": [""locality""], ""long_text"": ""Seoul"", ""short_text"": ""Seoul"", ""language_code"": null, ""source_api"": ""geocoding""}, {""types"": [""administrative_area_level_1""], ""long_text"": ""Seoul"", ""short_text"": ""Seoul"", ""language_code"": null, ""source_api"": ""geocoding""}, {""types"": [""country""], ""long_text"": ""한국"", ""short_text"": ""KR"", ""language_code"": null, ""source_api"": ""geocoding""}, {""types"": [""postal_code""], ""long_text"": ""07320"", ""short_text"": ""07320"", ""language_code"": null, ""source_api"": ""geocoding""}]"
52,재검토요청,S621517,항구,日本精密有限会社,JPTYO,2426174559,95-193-1921,JP: 일본,13: Tokyo,2-11-1 Nagatacho  Chiyoda-ku  Tokyo  Tokyo 100-0014,100-0014 東京都千代田区永田町2-11-1,35.676190,139.744730,X1HE,2026-04-07,협력사등록,"2-11-1 Nagatacho, Chiyoda-ku, Tokyo, Tokyo 100-0014",日本精密,확인 필요,UNVERIFIED_NOT_FOUND,표준·기존 좌표는 정합하나 TextSearch에서 업체 미발견,35.676190,139.744730,,https://www.google.com/maps/search/?api=1&query=%E6%97%A5%E6%9C%AC%E7%B2%BE%E5%AF%86%E6%9C%89%E9%99%90%E4%BC%9A%E7%A4%BE%20100-0014%20%E6%9D%B1%E4%BA%AC%E9%83%BD%E5%8D%83%E4%BB%A3%E7%94%B0%E5%8C%BA%E6%B0%B8%E7%94%B0%E7%94%BA2-11-1,"[{""types"": [""street_number""], ""long_text"": ""2-11-1"", ""short_text"": ""2-11-1"", ""language_code"": null, ""source_api"": ""geocoding""}, {""types"": [""route""], ""long_text"": ""2-11-1 Nagatacho, Chiyoda-ku"", ""short_text"": ""2-11-1 Nagatacho, Chiyoda-ku"", ""language_code"": null, ""source_api"": ""geocoding""}, {""types"": [""locality""], ""long_text"": ""Tokyo"", ""short_text"": ""Tokyo"", ""language_code"": null, ""source_api"": ""geocoding""}, {""types"": [""administrative_area_level_1""], ""long_text"": ""Tokyo"", ""short_text"": ""Tokyo"", ""language_code"": null, ""source_api"": ""geocoding""}, {""types"": [""country""], ""long_text"": ""일본"", ""short_text"": ""JP"", ""language_code"": null, ""source_api"": ""geocoding""}, {""types"": [""postal_code""], ""long_text"": ""100-0014"", ""short_text"": ""100-0014"", ""language_code"": null, ""source_api"": ""geocoding""}]"
53,등록확정,S166170,제조업체,"Alpine PrecisionCo., Ltd.",,5221003536,031681844,CH: 스위스,SG: St. Gallen,"Marktgasse 8, St. Gallen, St. Gallen 9004","Marktgasse 8, 9004 St. Gallen",47.425600,9.377180,V8VR,2025-10-19,Factory Information,"Bahnhofstrasse 12, St. Gallen, St. Gallen 9000",Alpine Precision,확인 필요,UNVERIFIED_PLACEID_MISMATCH,표준·기존 좌표에서 서로 다른 업체 발견 → 동명이업체/위치오류 의심(두 후보 제시),47.422780,9.369870,,https://www.google.com/maps/search/?api=1&query=Alpine%20PrecisionCo.%2C%20Ltd.%20Marktgasse%208%2C%209004%20St.%20Gallen,"[{""types"": [""street_number""], ""long_text"": ""Bahnhofstrasse"", ""short_text"": ""Bahnhofstrasse"", ""language_code"": null, ""source_api"": ""geocoding""}, {""types"": [""route""], ""long_text"": ""Bahnhofstrasse 12"", ""short_text"": ""Bahnhofstrasse 12"", ""language_code"": null, ""source_api"": ""geocoding""}, {""types"": [""locality""], ""long_text"": ""St. Gallen"", ""short_text"": ""St. Gallen"", ""language_code"": null, ""source_api"": ""geocoding""}, {""types"": [""administrative_area_level_1""], ""long_text"": ""St. Gallen"", ""short_text"": ""St. Gallen"", ""language_code"": null, ""source_api"": ""geocoding""}, {""types"": [""country""], ""long_text"": ""스위스"", ""short_text"": ""CH"", ""language_code"": null, ""source_api"": ""geocoding""}, {""types"": [""postal_code""], ""long_text"": ""9000"", ""short_text"": ""9000"", ""language_code"": null, ""source_api"": ""geocoding""}, {""types"": [""route""], ""long_text"": ""Marktgasse 8"", ""short_text"": ""Marktgasse 8"", ""language_code"": ""en"", ""source_api"": ""places_new""}, {""types"": [""locality""], ""long_text"": ""St. Gallen"", ""short_text"": ""St. Gallen"", ""language_code"": ""en"", ""source_api"": ""places_new""}, {""types"": [""administrative_area_level_1""], ""long_text"": ""St. Gallen"", ""short_text"": ""St. Gallen"", ""language_code"": ""en"", ""source_api"": ""places_new""}, {""types"": [""country""], ""long_text"": ""스위스"", ""short_text"": ""CH"", ""language_code"": ""en"", ""source_api"": ""places_new""}, {""types"": [""postal_code""], ""long_text"": ""9004"", ""short_text"": ""9004"", ""language_code"": ""en"", ""source_api"": ""places_new""}]"
54,임시저장,S928075,제조업체,Daiwa Electronics 株式会社,,4886187271,33-091-1461,JP: 일본,23: Aichi,"3-1-1 S@kae, Naka-ku, Nagoya, Aichi 460-0008",460-0008 愛知県名古屋市中区栄3-1-1,35.168060,136.908390,G4Q4,2025-08-15,Supply Tree,"3-1-1 Sakae, Naka-ku, Nagoya, Aichi 460-0008",Daiwa Electronics,검증 완료,VERIFIED_TEXTSEARCH_ADDR_TEXT,"지오코딩·기존좌표 TextSearch 실패, 주소텍스트 TextSearch로 매칭(L1)",,,mockTSA:3-1-1-sakae-naka-ku,https://www.google.com/maps/place/?q=place_id:mockTSA:3-1-1-sakae-naka-ku,"[{""types"": [""route""], ""long_text"": ""3-1-1 Sakae, Naka-ku"", ""short_text"": ""3-1-1 Sakae, Naka-ku"", ""language_code"": ""en"", ""source_api"": ""places_new""}, {""types"": [""locality""], ""long_text"": ""Nagoya"", ""short_text"": ""Nagoya"", ""language_code"": ""en"", ""source_api"": ""places_new""}, {""types"": [""administrative_area_level_1""], ""long_text"": ""Aichi"", ""short_text"": ""Aichi"", ""language_code"": ""en"", ""source_api"": ""places_new""}, {""types"": [""country""], ""long_text"": ""일본"", ""short_text"": ""JP"", ""language_code"": ""en"", ""source_api"": ""places_new""}, {""types"": [""postal_code""], ""long_text"": ""460-0008"", ""short_text"": ""460-0008"", ""language_code"": ""en"", ""source_api"": ""places_new""}]"
55,등록확정,S763055,제조업체,华芯科技股份有限公司,,2559157834,30-407-9559,CN: 중국,440: Guangdong,"Shenzhen, Guangdong",广东省深圳市南山区科苑路1号 518057,22.537300,113.947700,TCM6,2024-11-14,Factory Information,"1 Keyuan Road, Nanshan District, Shenzhen, Guangdong 518057",华芯科技,검증 완료,VERIFIED_GEOCODE_RELAXED,"(듀얼주소 중 한쪽 지오코딩만 성공, 신뢰도 낮음) 표준·기존 좌표 정합, 표준좌표 TextSearch 매칭(반경 완화)",22.537300,113.947700,mockT:shenzhen:1-keyuan-road-nanshan-district,https://www.google.com/maps/place/?q=place_id:mockT:shenzhen:1-keyuan-road-nanshan-district,"[{""types"": [""route""], ""long_text"": ""1 Keyuan Road, Nanshan District"", ""short_text"": ""1 Keyuan Road, Nanshan District"", ""language_code"": ""en"", ""source_api"": ""places_new""}, {""types"": [""locality""], ""long_text"": ""Shenzhen"", ""short_text"": ""Shenzhen"", ""language_code"": ""en"", ""source_api"": ""places_new""}, {""types"": [""administrative_area_level_1""], ""long_text"": ""Guangdong"", ""short_text"": ""Guangdong"", ""language_code"": ""en"", ""source_api"": ""places_new""}, {""types"": [""country""], ""long_text"": ""중국"", ""short_text"": ""CN"", ""language_code"": ""en"", ""source_api"": ""places_new""}, {""types"": [""postal_code""], ""long_text"": ""518057"", ""short_text"": ""518057"", ""language_code"": ""en"", ""source_api"": ""places_new""}]"
56,검증중,S404475,항구,Nippon Seimitsu,JPUKB,7633602396,937054345,JP: 일본,23: Aichi,"3-1-1 Sakae, Naka-ku, Nagoya, Aichi 460-0008",460-0008 愛知県名古屋市中区栄3-1-1,35.168060,136.908390,QOKL,2025-03-02,협력사등록,"3-1-1 Sakae, Naka-ku, Nagoya, Aichi 460-0008",Nippon Seimitsu,검증 완료,VERIFIED_TEXTSEARCH_ADDR_TEXT,"지오코딩·기존좌표 TextSearch 실패, 주소텍스트 TextSearch로 매칭(L1)",,,mockTSA:3-1-1-sakae-naka-ku,https://www.google.com/maps/place/?q=place_id:mockTSA:3-1-1-sakae-naka-ku,"[{""types"": [""route""], ""long_text"": ""3-1-1 Sakae, Naka-ku"", ""short_text"": ""3-1-1 Sakae, Naka-ku"", ""language_code"": ""en"", ""source_api"": ""places_new""}, {""types"": [""locality""], ""long_text"": ""Nagoya"", ""short_text"": ""Nagoya"", ""language_code"": ""en"", ""source_api"": ""places_new""}, {""types"": [""administrative_area_level_1""], ""long_text"": ""Aichi"", ""short_text"": ""Aichi"", ""language_code"": ""en"", ""source_api"": ""places_new""}, {""types"": [""country""], ""long_text"": ""일본"", ""short_text"": ""JP"", ""language_code"": ""en"", ""source_api"": ""places_new""}, {""types"": [""postal_code""], ""long_text"": ""460-0008"", ""short_text"": ""460-0008"", ""language_code"": ""en"", ""source_api"": ""places_new""}]"
57,등록확정,S541458,제조업체,Dongfang Precision,,5378945298,747249223,CN: 중국,100: Jiangsu,"8 Suhong West Road, Suzhou Industrial Park, Suzhou, Jiangsu 215021",江苏省苏州市苏州工业园区苏虹西路8号 215021,31.315610,120.686340,RTGA,2026-01-19,원 메이커,"8 Suhong West Road, Suzhou Industrial Park, Suzhou, Jiangsu 215021",Dongfang Precision,검증 완료,VERIFIED_GEOCODE_DIRECT,"표준·기존 좌표 정합, 표준좌표 TextSearch 매칭",31.315610,120.686340,mockT:suzhou:8-suhong-west-road-suzhou-industrial-park,https://www.google.com/maps/place/?q=place_id:mockT:suzhou:8-suhong-west-road-suzhou-industrial-park,"[{""types"": [""route""], ""long_text"": ""8 Suhong West Road, Suzhou Industrial Park"", ""short_text"": ""8 Suhong West Road, Suzhou Industrial Park"", ""language_code"": ""en"", ""source_api"": ""places_new""}, {""types"": [""locality""], ""long_text"": ""Suzhou"", ""short_text"": ""Suzhou"", ""language_code"": ""en"", ""source_api"": ""places_new""}, {""types"": [""administrative_area_level_1""], ""long_text"": ""Jiangsu"", ""short_text"": ""Jiangsu"", ""language_code"": ""en"", ""source_api"": ""places_new""}, {""types"": [""country""], ""long_text"": ""중국"", ""short_text"": ""CN"", ""language_code"": ""en"", ""source_api"": ""places_new""}, {""types"": [""postal_code""], ""long_text"": ""215021"", ""short_text"": ""215021"", ""language_code"": ""en"", ""source_api"": ""places_new""}]"
58,검증중,S551271,항구,Dongfang Preciion,CNSZX,2457482031,49-876-3486,CN: 중국,020: Shanghai,"1000 Century Avenue, Pudong New District, Shanghai",上海市浦东新区世纪大道1000号 200120,31.233705,121.524621,L3CL,2025-08-10,Supply Tree,"1000 Century Avenue, Pudong New District, Shanghai, Shanghai 200120",Dongfang Preciion,확인 필요,UNVERIFIED_REVERSE_GEOCODE_ONLY,"지오코딩·TextSearch 모두 실패, Reverse Geocoding으로 주소만 확보",31.233705,121.524621,,https://www.google.com/maps/search/?api=1&query=Dongfang%20Preciion%201000%20Century%20Avenue%2C%20Pudong%20New%20District%2C%20Shanghai%2C%20Shanghai%20200120,"[{""types"": [""street_number""], ""long_text"": ""1000"", ""short_text"": ""1000"", ""language_code"": null, ""source_api"": ""geocoding""}, {""types"": [""route""], ""long_text"": ""1000 Century Avenue, Pudong New District"", ""short_text"": ""1000 Century Avenue, Pudong New District"", ""language_code"": null, ""source_api"": ""geocoding""}, {""types"": [""locality""], ""long_text"": ""Shanghai"", ""short_text"": ""Shanghai"", ""language_code"": null, ""source_api"": ""geocoding""}, {""types"": [""administrative_area_level_1""], ""long_text"": ""Shanghai"", ""short_text"": ""Shanghai"", ""language_code"": null, ""source_api"": ""geocoding""}, {""types"": [""country""], ""long_text"": ""중국"", ""short_text"": ""CN"", ""language_code"": null, ""source_api"": ""geocoding""}, {""types"": [""postal_code""], ""long_text"": ""200120"", ""short_text"": ""200120"", ""language_code"": null, ""source_api"": ""geocoding""}]"
59,검증중,S931575,제조업체,Fuji Handotai,,8653276256,63-739-5048,JP: 일본,23: Aichi,"1-1-4 Meieki, Nakamura-ku, Nagoya, Aichi 450-0002",450-0002 愛知県名古屋市中村区名駅1-1-4,35.170920,136.881637,C2BH,2025-12-06,Supply Tree,"1-1-4 Meieki, Nakamura-ku, Nagoya, Aichi 450-0002",Fuji Handotai,검증 완료,VERIFIED_COORD_DIRECT,"지오코딩 실패, 기존좌표 TextSearch로 매칭",35.170920,136.881637,mockT:nagoya:1-1-4-meieki-nakamura-ku,https://www.google.com/maps/place/?q=place_id:mockT:nagoya:1-1-4-meieki-nakamura-ku,"[{""types"": [""route""], ""long_text"": ""1-1-4 Meieki, Nakamura-ku"", ""short_text"": ""1-1-4 Meieki, Nakamura-ku"", ""language_code"": ""en"", ""source_api"": ""places_new""}, {""types"": [""locality""], ""long_text"": ""Nagoya"", ""short_text"": ""Nagoya"", ""language_code"": ""en"", ""source_api"": ""places_new""}, {""types"": [""administrative_area_level_1""], ""long_text"": ""Aichi"", ""short_text"": ""Aichi"", ""language_code"": ""en"", ""source_api"": ""places_new""}, {""types"": [""country""], ""long_text"": ""일본"", ""short_text"": ""JP"", ""language_code"": ""en"", ""source_api"": ""places_new""}, {""types"": [""postal_code""], ""long_text"": ""450-0002"", ""short_text"": ""450-0002"", ""language_code"": ""en"", ""source_api"": ""places_new""}]"
60,등록확정,S483115,항구,Asahi Components 株式会社,JPTYO,4049195622,110631996,JP: 일본,13: Tokyo,"千代田区永田町2-11-1, Tokyo 100-0014",100-0014 東京都千代田区永田町2-11-1,35.676190,139.744730,IVA6,2026-07-28,Factory Information,"2-11-1 Nagatacho, Chiyoda-ku, Tokyo, Tokyo 100-0014",Asahi Components,확인 필요,UNVERIFIED_NOT_FOUND,표준·기존 좌표는 정합하나 TextSearch에서 업체 미발견,35.676190,139.744730,,https://www.google.com/maps/search/?api=1&query=Asahi%20Components%20%E6%A0%AA%E5%BC%8F%E4%BC%9A%E7%A4%BE%20100-0014%20%E6%9D%B1%E4%BA%AC%E9%83%BD%E5%8D%83%E4%BB%A3%E7%94%B0%E5%8C%BA%E6%B0%B8%E7%94%B0%E7%94%BA2-11-1,"[{""types"": [""street_number""], ""long_text"": ""2-11-1"", ""short_text"": ""2-11-1"", ""language_code"": null, ""source_api"": ""geocoding""}, {""types"": [""route""], ""long_text"": ""2-11-1 Nagatacho, Chiyoda-ku"", ""short_text"": ""2-11-1 Nagatacho, Chiyoda-ku"", ""language_code"": null, ""source_api"": ""geocoding""}, {""types"": [""locality""], ""long_text"": ""Tokyo"", ""short_text"": ""Tokyo"", ""language_code"": null, ""source_api"": ""geocoding""}, {""types"": [""administrative_area_level_1""], ""long_text"": ""Tokyo"", ""short_text"": ""Tokyo"", ""language_code"": null, ""source_api"": ""geocoding""}, {""types"": [""country""], ""long_text"": ""일본"", ""short_text"": ""JP"", ""language_code"": null, ""source_api"": ""geocoding""}, {""types"": [""postal_code""], ""long_text"": ""100-0014"", ""short_text"": ""100-0014"", ""language_code"": null, ""source_api"": ""geocoding""}]"
61,등록확정,S812789,제조업체,Summit Electronics,,4163213530,015766145,CH: 스위스,SG: St. Gallen,"Marktgasse 8, St. Gallen, St. Gallen 9004","Marktgasse 8, 9004 St. Gallen",47.425600,9.377180,H882,2025-08-08,Factory Information,"Bahnhofstrasse 12, St. Gallen, St. Gallen 9000",Summit Electronics,확인 필요,UNVERIFIED_PLACEID_MISMATCH,표준·기존 좌표에서 서로 다른 업체 발견 → 동명이업체/위치오류 의심(두 후보 제시),47.422780,9.369870,,https://www.google.com/maps/search/?api=1&query=Summit%20Electronics%20Marktgasse%208%2C%209004%20St.%20Gallen,"[{""types"": [""street_number""], ""long_text"": ""Bahnhofstrasse"", ""short_text"": ""Bahnhofstrasse"", ""language_code"": null, ""source_api"": ""geocoding""}, {""types"": [""route""], ""long_text"": ""Bahnhofstrasse 12"", ""short_text"": ""Bahnhofstrasse 12"", ""language_code"": null, ""source_api"": ""geocoding""}, {""types"": [""locality""], ""long_text"": ""St. Gallen"", ""short_text"": ""St. Gallen"", ""language_code"": null, ""source_api"": ""geocoding""}, {""types"": [""administrative_area_level_1""], ""long_text"": ""St. Gallen"", ""short_text"": ""St. Gallen"", ""language_code"": null, ""source_api"": ""geocoding""}, {""types"": [""country""], ""long_text"": ""스위스"", ""short_text"": ""CH"", ""language_code"": null, ""source_api"": ""geocoding""}, {""types"": [""postal_code""], ""long_text"": ""9000"", ""short_text"": ""9000"", ""language_code"": null, ""source_api"": ""geocoding""}, {""types"": [""route""], ""long_text"": ""Marktgasse 8"", ""short_text"": ""Marktgasse 8"", ""language_code"": ""en"", ""source_api"": ""places_new""}, {""types"": [""locality""], ""long_text"": ""St. Gallen"", ""short_text"": ""St. Gallen"", ""language_code"": ""en"", ""source_api"": ""places_new""}, {""types"": [""administrative_area_level_1""], ""long_text"": ""St. Gallen"", ""short_text"": ""St. Gallen"", ""language_code"": ""en"", ""source_api"": ""places_new""}, {""types"": [""country""], ""long_text"": ""스위스"", ""short_text"": ""CH"", ""language_code"": ""en"", ""source_api"": ""places_new""}, {""types"": [""postal_code""], ""long_text"": ""9004"", ""short_text"": ""9004"", ""language_code"": ""en"", ""source_api"": ""places_new""}]"
62,등록확정,S732337,제조업체,Zhongsheng Electronics 有限公司,,9660869964,163792468,CN: 중국,020: Shanghai,"Shanghai, Shanghai",上海市浦东新区世纪大道1000号 200120,31.233705,121.524621,WZ1W,2025-05-10,Supply Tree,"1000 Century Avenue, Pudong New District, Shanghai, Shanghai 200120",Zhongsheng Electronics,확인 필요,UNVERIFIED_REVERSE_GEOCODE_ONLY,"지오코딩·TextSearch 모두 실패, Reverse Geocoding으로 주소만 확보",31.233705,121.524621,,https://www.google.com/maps/search/?api=1&query=Zhongsheng%20Electronics%20%E6%9C%89%E9%99%90%E5%85%AC%E5%8F%B8%201000%20Century%20Avenue%2C%20Pudong%20New%20District%2C%20Shanghai%2C%20Shanghai%20200120,"[{""types"": [""street_number""], ""long_text"": ""1000"", ""short_text"": ""1000"", ""language_code"": null, ""source_api"": ""geocoding""}, {""types"": [""route""], ""long_text"": ""1000 Century Avenue, Pudong New District"", ""short_text"": ""1000 Century Avenue, Pudong New District"", ""language_code"": null, ""source_api"": ""geocoding""}, {""types"": [""locality""], ""long_text"": ""Shanghai"", ""short_text"": ""Shanghai"", ""language_code"": null, ""source_api"": ""geocoding""}, {""types"": [""administrative_area_level_1""], ""long_text"": ""Shanghai"", ""short_text"": ""Shanghai"", ""language_code"": null, ""source_api"": ""geocoding""}, {""types"": [""country""], ""long_text"": ""중국"", ""short_text"": ""CN"", ""language_code"": null, ""source_api"": ""geocoding""}, {""types"": [""postal_code""], ""long_text"": ""200120"", ""short_text"": ""200120"", ""language_code"": null, ""source_api"": ""geocoding""}]"
63,검증중,S755557,제조업체,Daiwa Electronics,,1560285982,994262583,JP: 일본,23: Aichi,"3-1-1 Sakae, Naka-ku, Nagoya, Aichi 460-0008",460-0008 愛知県名古屋市中区栄3-1-1,35.168060,136.908390,I5HZ,2025-12-27,협력사등록,"3-1-1 Sakae, Naka-ku, Nagoya, Aichi 460-0008",Daiwa Electronics,검증 완료,VERIFIED_TEXTSEARCH_ADDR_TEXT,"지오코딩·기존좌표 TextSearch 실패, 주소텍스트 TextSearch로 매칭(L1)",,,mockTSA:3-1-1-sakae-naka-ku,https://www.google.com/maps/place/?q=place_id:mockTSA:3-1-1-sakae-naka-ku,"[{""types"": [""route""], ""long_text"": ""3-1-1 Sakae, Naka-ku"", ""short_text"": ""3-1-1 Sakae, Naka-ku"", ""language_code"": ""en"", ""source_api"": ""places_new""}, {""types"": [""locality""], ""long_text"": ""Nagoya"", ""short_text"": ""Nagoya"", ""language_code"": ""en"", ""source_api"": ""places_new""}, {""types"": [""administrative_area_level_1""], ""long_text"": ""Aichi"", ""short_text"": ""Aichi"", ""language_code"": ""en"", ""source_api"": ""places_new""}, {""types"": [""country""], ""long_text"": ""일본"", ""short_text"": ""JP"", ""language_code"": ""en"", ""source_api"": ""places_new""}, {""types"": [""postal_code""], ""long_text"": ""460-0008"", ""short_text"": ""460-0008"", ""language_code"": ""en"", ""source_api"": ""places_new""}]"
64,등록확정,S158813,항구,Ruifeng Materials 股份有限公司,CNSHA,6879664915,687228848,CN: 중국,440: Guangdong,"Shenzhen, Guangdong",广东省深圳市南山区科苑路1号 518057,22.537300,113.947700,PQV4,2025-12-04,Factory Information,"1 Keyuan Road, Nanshan District, Shenzhen, Guangdong 518057",Ruifeng Materials,검증 완료,VERIFIED_GEOCODE_RELAXED,"(듀얼주소 중 한쪽 지오코딩만 성공, 신뢰도 낮음) 표준·기존 좌표 정합, 표준좌표 TextSearch 매칭(반경 완화)",22.537300,113.947700,mockT:shenzhen:1-keyuan-road-nanshan-district,https://www.google.com/maps/place/?q=place_id:mockT:shenzhen:1-keyuan-road-nanshan-district,"[{""types"": [""route""], ""long_text"": ""1 Keyuan Road, Nanshan District"", ""short_text"": ""1 Keyuan Road, Nanshan District"", ""language_code"": ""en"", ""source_api"": ""places_new""}, {""types"": [""locality""], ""long_text"": ""Shenzhen"", ""short_text"": ""Shenzhen"", ""language_code"": ""en"", ""source_api"": ""places_new""}, {""types"": [""administrative_area_level_1""], ""long_text"": ""Guangdong"", ""short_text"": ""Guangdong"", ""language_code"": ""en"", ""source_api"": ""places_new""}, {""types"": [""country""], ""long_text"": ""중국"", ""short_text"": ""CN"", ""language_code"": ""en"", ""source_api"": ""places_new""}, {""types"": [""postal_code""], ""long_text"": ""518057"", ""short_text"": ""518057"", ""language_code"": ""en"", ""source_api"": ""places_new""}]"
65,등록확정,S413878,제조업체,瑞丰材料有限公司,,9249506954,188875687,CN: 중국,100: Jiangsu,"Suzhou, Jiangsu",江苏省苏州市苏州工业园区苏虹西路8号 215021,31.315610,120.686340,BUWP,2024-03-07,Supply Tree,"8 Suhong West Road, Suzhou Industrial Park, Suzhou, Jiangsu 215021",瑞丰材料,검증 완료,VERIFIED_GEOCODE_DIRECT,"(듀얼주소 중 한쪽 지오코딩만 성공, 신뢰도 낮음) 표준·기존 좌표 정합, 표준좌표 TextSearch 매칭",31.315610,120.686340,mockT:suzhou:8-suhong-west-road-suzhou-industrial-park,https://www.google.com/maps/place/?q=place_id:mockT:suzhou:8-suhong-west-road-suzhou-industrial-park,"[{""types"": [""route""], ""long_text"": ""8 Suhong West Road, Suzhou Industrial Park"", ""short_text"": ""8 Suhong West Road, Suzhou Industrial Park"", ""language_code"": ""en"", ""source_api"": ""places_new""}, {""types"": [""locality""], ""long_text"": ""Suzhou"", ""short_text"": ""Suzhou"", ""language_code"": ""en"", ""source_api"": ""places_new""}, {""types"": [""administrative_area_level_1""], ""long_text"": ""Jiangsu"", ""short_text"": ""Jiangsu"", ""language_code"": ""en"", ""source_api"": ""places_new""}, {""types"": [""country""], ""long_text"": ""중국"", ""short_text"": ""CN"", ""language_code"": ""en"", ""source_api"": ""places_new""}, {""types"": [""postal_code""], ""long_text"": ""215021"", ""short_text"": ""215021"", ""language_code"": ""en"", ""source_api"": ""places_new""}]"
66,등록확정,S548047,제조업체,Asahi Components,,9844805037,50-707-4926,JP: 일본,27: Osaka,"2-1-33 Nishishinsaibashi, Chuo-ku, Osaka, Osaka 542-0086",542-0086 大阪府中央区西心斎橋2-1-33,34.671870,135.499750,R3QI,2026-05-07,Supply Tree,"2-1-33 Nishishinsaibashi, Chuo-ku, Osaka, Osaka 542-0086",Asahi Components,확인 필요,UNVERIFIED_PLACEID_MISMATCH,표준·기존 좌표에서 서로 다른 업체 발견 → 동명이업체/위치오류 의심(두 후보 제시),34.673870,135.499750,,https://www.google.com/maps/search/?api=1&query=Asahi%20Components%20542-0086%20%E5%A4%A7%E9%98%AA%E5%BA%9C%E4%B8%AD%E5%A4%AE%E5%8C%BA%E8%A5%BF%E5%BF%83%E6%96%8E%E6%A9%8B2-1-33,"[{""types"": [""street_number""], ""long_text"": ""2-1-33"", ""short_text"": ""2-1-33"", ""language_code"": null, ""source_api"": ""geocoding""}, {""types"": [""route""], ""long_text"": ""2-1-33 Nishishinsaibashi, Chuo-ku"", ""short_text"": ""2-1-33 Nishishinsaibashi, Chuo-ku"", ""language_code"": null, ""source_api"": ""geocoding""}, {""types"": [""locality""], ""long_text"": ""Osaka"", ""short_text"": ""Osaka"", ""language_code"": null, ""source_api"": ""geocoding""}, {""types"": [""administrative_area_level_1""], ""long_text"": ""Osaka"", ""short_text"": ""Osaka"", ""language_code"": null, ""source_api"": ""geocoding""}, {""types"": [""country""], ""long_text"": ""일본"", ""short_text"": ""JP"", ""language_code"": null, ""source_api"": ""geocoding""}, {""types"": [""postal_code""], ""long_text"": ""542-0086"", ""short_text"": ""542-0086"", ""language_code"": null, ""source_api"": ""geocoding""}, {""types"": [""route""], ""long_text"": ""2-1-33 Nishishinsaibashi, Chuo-ku"", ""short_text"": ""2-1-33 Nishishinsaibashi, Chuo-ku"", ""language_code"": ""en"", ""source_api"": ""places_new""}, {""types"": [""locality""], ""long_text"": ""Osaka"", ""short_text"": ""Osaka"", ""language_code"": ""en"", ""source_api"": ""places_new""}, {""types"": [""administrative_area_level_1""], ""long_text"": ""Osaka"", ""short_text"": ""Osaka"", ""language_code"": ""en"", ""source_api"": ""places_new""}, {""types"": [""country""], ""long_text"": ""일본"", ""short_text"": ""JP"", ""language_code"": ""en"", ""source_api"": ""places_new""}, {""types"": [""postal_code""], ""long_text"": ""542-0086"", ""short_text"": ""542-0086"", ""language_code"": ""en"", ""source_api"": ""places_new""}]"
67,등록확정,S883925,제조업체,Sungoo Materials,,8131316540,142233588,KR: 한국,13: Seoul,"14 Sejong-daero, Jung-gu, Seoul, Seoul 04524",서울특별시 중구 세종대로 14 (04524),37.566295,126.976889,XC59,2025-06-25,원 메이커,"14 Sejong-daero, Jung-gu, Seoul, Seoul 04524",Sungoo Materials,검증 완료,VERIFIED_GEOCODE_RELAXED,"표준·기존 좌표 정합, 표준좌표 TextSearch 매칭(반경 완화)",37.566295,126.976889,mockT:seoul:14-sejong-daero-jung-gu,https://www.google.com/maps/place/?q=place_id:mockT:seoul:14-sejong-daero-jung-gu,"[{""types"": [""route""], ""long_text"": ""14 Sejong-daero, Jung-gu"", ""short_text"": ""14 Sejong-daero, Jung-gu"", ""language_code"": ""en"", ""source_api"": ""places_new""}, {""types"": [""locality""], ""long_text"": ""Seoul"", ""short_text"": ""Seoul"", ""language_code"": ""en"", ""source_api"": ""places_new""}, {""types"": [""administrative_area_level_1""], ""long_text"": ""Seoul"", ""short_text"": ""Seoul"", ""language_code"": ""en"", ""source_api"": ""places_new""}, {""types"": [""country""], ""long_text"": ""한국"", ""short_text"": ""KR"", ""language_code"": ""en"", ""source_api"": ""places_new""}, {""types"": [""postal_code""], ""long_text"": ""04524"", ""short_text"": ""04524"", ""language_code"": ""en"", ""source_api"": ""places_new""}]"
68,검증중,S700970,제조업체,Daeyang Electronics,,2871838211,678738435,KR: 한국,09: Gyeonggi-do,"1 Samsung-ro, Yeongtong-gu, Suwon, Gyeonggi-do 16677",경기도 수원시 영통구 삼성로 1 (16677),37.257356,127.052550,QPEZ,2025-04-25,Supply Tree,"1 Samsung-ro, Yeongtong-gu, Suwon, Gyeonggi-do 16677",Daeyang Electronics,검증 완료,VERIFIED_PROXIMITY_MATCH,place_id는 다르나 두 위치가 근접 → 동일 부지로 판단,37.259356,127.052550,mockG:suwon:1-samsung-ro-yeongtong-gu,https://www.google.com/maps/place/?q=place_id:mockG:suwon:1-samsung-ro-yeongtong-gu,"[{""types"": [""street_number""], ""long_text"": ""1"", ""short_text"": ""1"", ""language_code"": null, ""source_api"": ""geocoding""}, {""types"": [""route""], ""long_text"": ""1 Samsung-ro, Yeongtong-gu"", ""short_text"": ""1 Samsung-ro, Yeongtong-gu"", ""language_code"": null, ""source_api"": ""geocoding""}, {""types"": [""locality""], ""long_text"": ""Suwon"", ""short_text"": ""Suwon"", ""language_code"": null, ""source_api"": ""geocoding""}, {""types"": [""administrative_area_level_1""], ""long_text"": ""Gyeonggi-do"", ""short_text"": ""Gyeonggi-do"", ""language_code"": null, ""source_api"": ""geocoding""}, {""types"": [""country""], ""long_text"": ""한국"", ""short_text"": ""KR"", ""language_code"": null, ""source_api"": ""geocoding""}, {""types"": [""postal_code""], ""long_text"": ""16677"", ""short_text"": ""16677"", ""language_code"": null, ""source_api"": ""geocoding""}]"
69,재검토요청,S156225,제조업체,Bavaria Technik,,5874508193,00-609-8109,CH: 스위스,SG: St. Gallen,"Bahnhofstrasse 12, St. Gallen, St. Gallen 9000","Bahnhofstrasse 12, 9000 St. Gallen",47.422780,9.369870,SEXJ,2025-03-15,Factory Information,"Bahnhofstrasse 12, St. Gallen, St. Gallen 9000",Bavaria Technik,확인 필요,UNVERIFIED_REVERSE_GEOCODE_ONLY,"지오코딩·TextSearch 모두 실패, Reverse Geocoding으로 주소만 확보",47.422780,9.369870,,https://www.google.com/maps/search/?api=1&query=Bavaria%20Technik%20Bahnhofstrasse%2012%2C%20St.%20Gallen%2C%20St.%20Gallen%209000,"[{""types"": [""street_number""], ""long_text"": ""Bahnhofstrasse"", ""short_text"": ""Bahnhofstrasse"", ""language_code"": null, ""source_api"": ""geocoding""}, {""types"": [""route""], ""long_text"": ""Bahnhofstrasse 12"", ""short_text"": ""Bahnhofstrasse 12"", ""language_code"": null, ""source_api"": ""geocoding""}, {""types"": [""locality""], ""long_text"": ""St. Gallen"", ""short_text"": ""St. Gallen"", ""language_code"": null, ""source_api"": ""geocoding""}, {""types"": [""administrative_area_level_1""], ""long_text"": ""St. Gallen"", ""short_text"": ""St. Gallen"", ""language_code"": null, ""source_api"": ""geocoding""}, {""types"": [""country""], ""long_text"": ""스위스"", ""short_text"": ""CH"", ""language_code"": null, ""source_api"": ""geocoding""}, {""types"": [""postal_code""], ""long_text"": ""9000"", ""short_text"": ""9000"", ""language_code"": null, ""source_api"": ""geocoding""}]"
70,검증중,S416057,항구,rheintal materials,USLGB,8977173225,04-456-6384,US: 미국,IL: Illinois,875 N Michigan Avenue  Chicago  Illinois 60611,"875 N Michigan Avenue, 60611 Chicago",41.898780,-87.623380,BHHE,2025-04-15,Supply Tree,"875 N Michigan Avenue, Chicago, Illinois 60611",rheintal materials,검증 완료,VERIFIED_GEOCODE_RELAXED,"표준·기존 좌표 정합, 표준좌표 TextSearch 매칭(반경 완화)",41.898780,-87.623380,mockT:chicago:875-n-michigan-avenue,https://www.google.com/maps/place/?q=place_id:mockT:chicago:875-n-michigan-avenue,"[{""types"": [""route""], ""long_text"": ""875 N Michigan Avenue"", ""short_text"": ""875 N Michigan Avenue"", ""language_code"": ""en"", ""source_api"": ""places_new""}, {""types"": [""locality""], ""long_text"": ""Chicago"", ""short_text"": ""Chicago"", ""language_code"": ""en"", ""source_api"": ""places_new""}, {""types"": [""administrative_area_level_1""], ""long_text"": ""Illinois"", ""short_text"": ""Illinois"", ""language_code"": ""en"", ""source_api"": ""places_new""}, {""types"": [""country""], ""long_text"": ""미국"", ""short_text"": ""US"", ""language_code"": ""en"", ""source_api"": ""places_new""}, {""types"": [""postal_code""], ""long_text"": ""60611"", ""short_text"": ""60611"", ""language_code"": ""en"", ""source_api"": ""places_new""}]"
71,등록확정,S963699,제조업체,中晟电子有限公司,,6139982178,55-903-3697,CN: 중국,100: Jiangsu,200 Xinghai Street  Suzhou  Jiangsu 215028,江苏省苏州市星海街200号 215028,31.322450,120.717800,EO7G,2025-09-28,Factory Information,"200 Xinghai Street, Suzhou, Jiangsu 215028",中晟电子,검증 완료,VERIFIED_GEOCODE_DIRECT,"표준·기존 좌표 정합, 표준좌표 TextSearch 매칭",31.322450,120.717800,mockT:suzhou:200-xinghai-street,https://www.google.com/maps/place/?q=place_id:mockT:suzhou:200-xinghai-street,"[{""types"": [""route""], ""long_text"": ""200 Xinghai Street"", ""short_text"": ""200 Xinghai Street"", ""language_code"": ""en"", ""source_api"": ""places_new""}, {""types"": [""locality""], ""long_text"": ""Suzhou"", ""short_text"": ""Suzhou"", ""language_code"": ""en"", ""source_api"": ""places_new""}, {""types"": [""administrative_area_level_1""], ""long_text"": ""Jiangsu"", ""short_text"": ""Jiangsu"", ""language_code"": ""en"", ""source_api"": ""places_new""}, {""types"": [""country""], ""long_text"": ""중국"", ""short_text"": ""CN"", ""language_code"": ""en"", ""source_api"": ""places_new""}, {""types"": [""postal_code""], ""long_text"": ""215028"", ""short_text"": ""215028"", ""language_code"": ""en"", ""source_api"": ""places_new""}]"
72,등록확정,S564758,제조업체,Sakura Denshi,,7635315062,669642557,JP: 일본,23: Aichi,"3-1-1 Sakae, Naka-ku, Nagoya, Aichi 460-0008",460-0008 愛知県名古屋市中区栄3-1-1,35.168060,136.908390,F43B,2024-01-18,Factory Information,"3-1-1 Sakae, Naka-ku, Nagoya, Aichi 460-0008",Sakura Denshi,검증 완료,VERIFIED_TEXTSEARCH_ADDR_TEXT,"지오코딩·기존좌표 TextSearch 실패, 주소텍스트 TextSearch로 매칭(L1)",,,mockTSA:3-1-1-sakae-naka-ku,https://www.google.com/maps/place/?q=place_id:mockTSA:3-1-1-sakae-naka-ku,"[{""types"": [""route""], ""long_text"": ""3-1-1 Sakae, Naka-ku"", ""short_text"": ""3-1-1 Sakae, Naka-ku"", ""language_code"": ""en"", ""source_api"": ""places_new""}, {""types"": [""locality""], ""long_text"": ""Nagoya"", ""short_text"": ""Nagoya"", ""language_code"": ""en"", ""source_api"": ""places_new""}, {""types"": [""administrative_area_level_1""], ""long_text"": ""Aichi"", ""short_text"": ""Aichi"", ""language_code"": ""en"", ""source_api"": ""places_new""}, {""types"": [""country""], ""long_text"": ""일본"", ""short_text"": ""JP"", ""language_code"": ""en"", ""source_api"": ""places_new""}, {""types"": [""postal_code""], ""long_text"": ""460-0008"", ""short_text"": ""460-0008"", ""language_code"": ""en"", ""source_api"": ""places_new""}]"
73,임시저장,S078339,제조업체,Kyungin Chemical ㈜,,3561347974,78-772-1207,KR: 한국,12: Busan,"120 Jung@ng-daero, Jung-gu, Busan, Busan 48943",부산광역시 중구 중앙대로 120 (48943),35.106321,129.032630,H2Y7,2025-09-09,Supply Tree,"120 Jungang-daero, Jung-gu, Busan, Busan 48943",Kyungin Chemical,검증 완료,VERIFIED_COORD_DIRECT,"지오코딩 실패, 기존좌표 TextSearch로 매칭",35.106321,129.032630,mockT:busan:120-jungang-daero-jung-gu,https://www.google.com/maps/place/?q=place_id:mockT:busan:120-jungang-daero-jung-gu,"[{""types"": [""route""], ""long_text"": ""120 Jungang-daero, Jung-gu"", ""short_text"": ""120 Jungang-daero, Jung-gu"", ""language_code"": ""en"", ""source_api"": ""places_new""}, {""types"": [""locality""], ""long_text"": ""Busan"", ""short_text"": ""Busan"", ""language_code"": ""en"", ""source_api"": ""places_new""}, {""types"": [""administrative_area_level_1""], ""long_text"": ""Busan"", ""short_text"": ""Busan"", ""language_code"": ""en"", ""source_api"": ""places_new""}, {""types"": [""country""], ""long_text"": ""한국"", ""short_text"": ""KR"", ""language_code"": ""en"", ""source_api"": ""places_new""}, {""types"": [""postal_code""], ""long_text"": ""48943"", ""short_text"": ""48943"", ""language_code"": ""en"", ""source_api"": ""places_new""}]"
74,등록확정,S914163,항구,ASAHI COMPONENTS,JPTYO,5943431855,528935114,JP: 일본,13: Tokyo,1-1-2 Oshiage  Sumida-ku  Tokyo  Tokyo 131-0045,131-0045 東京都墨田区押上1-1-2,35.710060,139.810700,NNEU,2025-02-18,협력사등록,"1-1-2 Oshiage, Sumida-ku, Tokyo, Tokyo 131-0045",ASAHI COMPONENTS,검증 완료,VERIFIED_PLACEID_MATCH,place_id 동일 → 좌표 오차로 판단(기존좌표 오류 가능),35.712060,139.810700,mockG:tokyo:1-1-2-oshiage-sumida-ku,https://www.google.com/maps/place/?q=place_id:mockG:tokyo:1-1-2-oshiage-sumida-ku,"[{""types"": [""street_number""], ""long_text"": ""1-1-2"", ""short_text"": ""1-1-2"", ""language_code"": null, ""source_api"": ""geocoding""}, {""types"": [""route""], ""long_text"": ""1-1-2 Oshiage, Sumida-ku"", ""short_text"": ""1-1-2 Oshiage, Sumida-ku"", ""language_code"": null, ""source_api"": ""geocoding""}, {""types"": [""locality""], ""long_text"": ""Tokyo"", ""short_text"": ""Tokyo"", ""language_code"": null, ""source_api"": ""geocoding""}, {""types"": [""administrative_area_level_1""], ""long_text"": ""Tokyo"", ""short_text"": ""Tokyo"", ""language_code"": null, ""source_api"": ""geocoding""}, {""types"": [""country""], ""long_text"": ""일본"", ""short_text"": ""JP"", ""language_code"": null, ""source_api"": ""geocoding""}, {""types"": [""postal_code""], ""long_text"": ""131-0045"", ""short_text"": ""131-0045"", ""language_code"": null, ""source_api"": ""geocoding""}]"
75,등록확정,S409084,제조업체,Alpine Precision,,6394702583,34-435-8194,US: 미국,CA: California,"1600 Amphitheatre Parkway, Mountain View, California 94043","1600 Amphitheatre Parkway, 94043 Mountain View",37.422030,-122.084000,PVSN,2025-11-13,원 메이커,"1600 Amphitheatre Parkway, Mountain View, California 94043",Alpine Precision,검증 완료,VERIFIED_GEOCODE_DIRECT,"표준·기존 좌표 정합, 표준좌표 TextSearch 매칭",37.422030,-122.084000,mockT:mountain-view:1600-amphitheatre-parkway,https://www.google.com/maps/place/?q=place_id:mockT:mountain-view:1600-amphitheatre-parkway,"[{""types"": [""route""], ""long_text"": ""1600 Amphitheatre Parkway"", ""short_text"": ""1600 Amphitheatre Parkway"", ""language_code"": ""en"", ""source_api"": ""places_new""}, {""types"": [""locality""], ""long_text"": ""Mountain View"", ""short_text"": ""Mountain View"", ""language_code"": ""en"", ""source_api"": ""places_new""}, {""types"": [""administrative_area_level_1""], ""long_text"": ""California"", ""short_text"": ""California"", ""language_code"": ""en"", ""source_api"": ""places_new""}, {""types"": [""country""], ""long_text"": ""미국"", ""short_text"": ""US"", ""language_code"": ""en"", ""source_api"": ""places_new""}, {""types"": [""postal_code""], ""long_text"": ""94043"", ""short_text"": ""94043"", ""language_code"": ""en"", ""source_api"": ""places_new""}]"
76,검증중,S768433,제조업체,진우반도체,,5520220131,66-100-1537,KR: 한국,12: Busan,"중구 중앙대로 120, Busan 48943",부산광역시 중구 중앙대로 120 (48943),35.106321,129.032630,ZXJM,2025-04-11,Factory Information,"120 Jungang-daero, Jung-gu, Busan, Busan 48943",진우반도체,검증 완료,VERIFIED_COORD_DIRECT,"지오코딩 실패, 기존좌표 TextSearch로 매칭",35.106321,129.032630,mockT:busan:120-jungang-daero-jung-gu,https://www.google.com/maps/place/?q=place_id:mockT:busan:120-jungang-daero-jung-gu,"[{""types"": [""route""], ""long_text"": ""120 Jungang-daero, Jung-gu"", ""short_text"": ""120 Jungang-daero, Jung-gu"", ""language_code"": ""en"", ""source_api"": ""places_new""}, {""types"": [""locality""], ""long_text"": ""Busan"", ""short_text"": ""Busan"", ""language_code"": ""en"", ""source_api"": ""places_new""}, {""types"": [""administrative_area_level_1""], ""long_text"": ""Busan"", ""short_text"": ""Busan"", ""language_code"": ""en"", ""source_api"": ""places_new""}, {""types"": [""country""], ""long_text"": ""한국"", ""short_text"": ""KR"", ""language_code"": ""en"", ""source_api"": ""places_new""}, {""types"": [""postal_code""], ""long_text"": ""48943"", ""short_text"": ""48943"", ""language_code"": ""en"", ""source_api"": ""places_new""}]"
77,등록확정,S477629,제조업체,경인화학(주),,4581858073,98-719-1006,KR: 한국,13: Seoul,"14 Sejong-d@ero, Jung-gu, Seoul, Seoul 04524",서울특별시 중구 세종대로 14 (04524),37.566295,126.976889,A1WM,2025-11-21,원 메이커,"14 Sejong-daero, Jung-gu, Seoul, Seoul 04524",경인화학,검증 완료,VERIFIED_GEOCODE_RELAXED,"표준·기존 좌표 정합, 표준좌표 TextSearch 매칭(반경 완화)",37.566295,126.976889,mockT:seoul:14-sejong-daero-jung-gu,https://www.google.com/maps/place/?q=place_id:mockT:seoul:14-sejong-daero-jung-gu,"[{""types"": [""route""], ""long_text"": ""14 Sejong-daero, Jung-gu"", ""short_text"": ""14 Sejong-daero, Jung-gu"", ""language_code"": ""en"", ""source_api"": ""places_new""}, {""types"": [""locality""], ""long_text"": ""Seoul"", ""short_text"": ""Seoul"", ""language_code"": ""en"", ""source_api"": ""places_new""}, {""types"": [""administrative_area_level_1""], ""long_text"": ""Seoul"", ""short_text"": ""Seoul"", ""language_code"": ""en"", ""source_api"": ""places_new""}, {""types"": [""country""], ""long_text"": ""한국"", ""short_text"": ""KR"", ""language_code"": ""en"", ""source_api"": ""places_new""}, {""types"": [""postal_code""], ""long_text"": ""04524"", ""short_text"": ""04524"", ""language_code"": ""en"", ""source_api"": ""places_new""}]"
78,검증중,S906026,제조업체,Ruifengg Materials,,0648244930,251785235,CN: 중국,100: Jiangsu,"苏州工业园区苏虹西路8号, Suzhou 215021",江苏省苏州市苏州工业园区苏虹西路8号 215021,31.315610,120.686340,Z6NU,2026-05-08,원 메이커,"8 Suhong West Road, Suzhou Industrial Park, Suzhou, Jiangsu 215021",Ruifengg Materials,검증 완료,VERIFIED_GEOCODE_DIRECT,"표준·기존 좌표 정합, 표준좌표 TextSearch 매칭",31.315610,120.686340,mockT:suzhou:8-suhong-west-road-suzhou-industrial-park,https://www.google.com/maps/place/?q=place_id:mockT:suzhou:8-suhong-west-road-suzhou-industrial-park,"[{""types"": [""route""], ""long_text"": ""8 Suhong West Road, Suzhou Industrial Park"", ""short_text"": ""8 Suhong West Road, Suzhou Industrial Park"", ""language_code"": ""en"", ""source_api"": ""places_new""}, {""types"": [""locality""], ""long_text"": ""Suzhou"", ""short_text"": ""Suzhou"", ""language_code"": ""en"", ""source_api"": ""places_new""}, {""types"": [""administrative_area_level_1""], ""long_text"": ""Jiangsu"", ""short_text"": ""Jiangsu"", ""language_code"": ""en"", ""source_api"": ""places_new""}, {""types"": [""country""], ""long_text"": ""중국"", ""short_text"": ""CN"", ""language_code"": ""en"", ""source_api"": ""places_new""}, {""types"": [""postal_code""], ""long_text"": ""215021"", ""short_text"": ""215021"", ""language_code"": ""en"", ""source_api"": ""places_new""}]"
79,임시저장,S135868,제조업체,华芯科技有限公司,,2818940413,13-184-3243,CN: 중국,100: Jiangsu,"8 Suhong West Road, Suzhou Industrial Park, Suzhou",江苏省苏州市苏州工业园区苏虹西路8号 215021,31.315610,120.686340,KN07,2026-06-07,Supply Tree,"8 Suhong West Road, Suzhou Industrial Park, Suzhou, Jiangsu 215021",华芯科技,검증 완료,VERIFIED_GEOCODE_DIRECT,"표준·기존 좌표 정합, 표준좌표 TextSearch 매칭",31.315610,120.686340,mockT:suzhou:8-suhong-west-road-suzhou-industrial-park,https://www.google.com/maps/place/?q=place_id:mockT:suzhou:8-suhong-west-road-suzhou-industrial-park,"[{""types"": [""route""], ""long_text"": ""8 Suhong West Road, Suzhou Industrial Park"", ""short_text"": ""8 Suhong West Road, Suzhou Industrial Park"", ""language_code"": ""en"", ""source_api"": ""places_new""}, {""types"": [""locality""], ""long_text"": ""Suzhou"", ""short_text"": ""Suzhou"", ""language_code"": ""en"", ""source_api"": ""places_new""}, {""types"": [""administrative_area_level_1""], ""long_text"": ""Jiangsu"", ""short_text"": ""Jiangsu"", ""language_code"": ""en"", ""source_api"": ""places_new""}, {""types"": [""country""], ""long_text"": ""중국"", ""short_text"": ""CN"", ""language_code"": ""en"", ""source_api"": ""places_new""}, {""types"": [""postal_code""], ""long_text"": ""215021"", ""short_text"": ""215021"", ""language_code"": ""en"", ""source_api"": ""places_new""}]"
80,검증중,S839811,제조업체,瑞丰材料,,9274503465,263380310,CN: 중국,440: Guangdong,1 Keyuan Road  Nanshan District  Shenzhen  Guangdong 518057,广东省深圳市南山区科苑路1号 518057,22.537300,113.947700,CYV5,2026-07-01,Factory Information,"1 Keyuan Road, Nanshan District, Shenzhen, Guangdong 518057",瑞丰材料,검증 완료,VERIFIED_GEOCODE_RELAXED,"표준·기존 좌표 정합, 표준좌표 TextSearch 매칭(반경 완화)",22.537300,113.947700,mockT:shenzhen:1-keyuan-road-nanshan-district,https://www.google.com/maps/place/?q=place_id:mockT:shenzhen:1-keyuan-road-nanshan-district,"[{""types"": [""route""], ""long_text"": ""1 Keyuan Road, Nanshan District"", ""short_text"": ""1 Keyuan Road, Nanshan District"", ""language_code"": ""en"", ""source_api"": ""places_new""}, {""types"": [""locality""], ""long_text"": ""Shenzhen"", ""short_text"": ""Shenzhen"", ""language_code"": ""en"", ""source_api"": ""places_new""}, {""types"": [""administrative_area_level_1""], ""long_text"": ""Guangdong"", ""short_text"": ""Guangdong"", ""language_code"": ""en"", ""source_api"": ""places_new""}, {""types"": [""country""], ""long_text"": ""중국"", ""short_text"": ""CN"", ""language_code"": ""en"", ""source_api"": ""places_new""}, {""types"": [""postal_code""], ""long_text"": ""518057"", ""short_text"": ""518057"", ""language_code"": ""en"", ""source_api"": ""places_new""}]"
81,검증중,S089770,제조업체,Kyungin Chemical,,8526546782,880344591,KR: 한국,12: Busan,"55 Jungang-daero, Dong-gu, Busan, Busan 48821",부산광역시 동구 중앙대로 55 (48821),35.115034,129.041624,U2ES,2026-08-25,협력사등록,"55 Jungang-daero, Dong-gu, Busan, Busan 48821",Kyungin Chemical,검증 완료,VERIFIED_TEXTSEARCH_ADDR_TEXT,"지오코딩·기존좌표 TextSearch 실패, 주소텍스트 TextSearch로 매칭(L1)",,,mockTSA:55-jungang-daero-dong-gu,https://www.google.com/maps/place/?q=place_id:mockTSA:55-jungang-daero-dong-gu,"[{""types"": [""route""], ""long_text"": ""55 Jungang-daero, Dong-gu"", ""short_text"": ""55 Jungang-daero, Dong-gu"", ""language_code"": ""en"", ""source_api"": ""places_new""}, {""types"": [""locality""], ""long_text"": ""Busan"", ""short_text"": ""Busan"", ""language_code"": ""en"", ""source_api"": ""places_new""}, {""types"": [""administrative_area_level_1""], ""long_text"": ""Busan"", ""short_text"": ""Busan"", ""language_code"": ""en"", ""source_api"": ""places_new""}, {""types"": [""country""], ""long_text"": ""한국"", ""short_text"": ""KR"", ""language_code"": ""en"", ""source_api"": ""places_new""}, {""types"": [""postal_code""], ""long_text"": ""48821"", ""short_text"": ""48821"", ""language_code"": ""en"", ""source_api"": ""places_new""}]"
82,임시저장,S507472,제조업체,Jinloong Semiconductor,,4838640854,349626347,CN: 중국,020: Shanghai,"浦东新区世纪大道1000号, Shanghai 200120",上海市浦东新区世纪大道1000号 200120,31.233705,121.524621,JI7R,2026-05-26,Supply Tree,"1000 Century Avenue, Pudong New District, Shanghai, Shanghai 200120",Jinloong Semiconductor,확인 필요,UNVERIFIED_REVERSE_GEOCODE_ONLY,"지오코딩·TextSearch 모두 실패, Reverse Geocoding으로 주소만 확보",31.233705,121.524621,,https://www.google.com/maps/search/?api=1&query=Jinloong%20Semiconductor%201000%20Century%20Avenue%2C%20Pudong%20New%20District%2C%20Shanghai%2C%20Shanghai%20200120,"[{""types"": [""street_number""], ""long_text"": ""1000"", ""short_text"": ""1000"", ""language_code"": null, ""source_api"": ""geocoding""}, {""types"": [""route""], ""long_text"": ""1000 Century Avenue, Pudong New District"", ""short_text"": ""1000 Century Avenue, Pudong New District"", ""language_code"": null, ""source_api"": ""geocoding""}, {""types"": [""locality""], ""long_text"": ""Shanghai"", ""short_text"": ""Shanghai"", ""language_code"": null, ""source_api"": ""geocoding""}, {""types"": [""administrative_area_level_1""], ""long_text"": ""Shanghai"", ""short_text"": ""Shanghai"", ""language_code"": null, ""source_api"": ""geocoding""}, {""types"": [""country""], ""long_text"": ""중국"", ""short_text"": ""CN"", ""language_code"": null, ""source_api"": ""geocoding""}, {""types"": [""postal_code""], ""long_text"": ""200120"", ""short_text"": ""200120"", ""language_code"": null, ""source_api"": ""geocoding""}]"
83,임시저장,S833718,제조업체,HUAXIN TECHNOLOGY,,6224109697,698240005,CN: 중국,100: Jiangsu,"8 Suhong West Rd., Suzhou Industrial Park, Suzhou, Jiangsu 215021",江苏省苏州市苏州工业园区苏虹西路8号 215021,31.315610,120.686340,NRTE,2026-02-26,협력사등록,"8 Suhong West Road, Suzhou Industrial Park, Suzhou, Jiangsu 215021",HUAXIN TECHNOLOGY,검증 완료,VERIFIED_GEOCODE_DIRECT,"표준·기존 좌표 정합, 표준좌표 TextSearch 매칭",31.315610,120.686340,mockT:suzhou:8-suhong-west-road-suzhou-industrial-park,https://www.google.com/maps/place/?q=place_id:mockT:suzhou:8-suhong-west-road-suzhou-industrial-park,"[{""types"": [""route""], ""long_text"": ""8 Suhong West Road, Suzhou Industrial Park"", ""short_text"": ""8 Suhong West Road, Suzhou Industrial Park"", ""language_code"": ""en"", ""source_api"": ""places_new""}, {""types"": [""locality""], ""long_text"": ""Suzhou"", ""short_text"": ""Suzhou"", ""language_code"": ""en"", ""source_api"": ""places_new""}, {""types"": [""administrative_area_level_1""], ""long_text"": ""Jiangsu"", ""short_text"": ""Jiangsu"", ""language_code"": ""en"", ""source_api"": ""places_new""}, {""types"": [""country""], ""long_text"": ""중국"", ""short_text"": ""CN"", ""language_code"": ""en"", ""source_api"": ""places_new""}, {""types"": [""postal_code""], ""long_text"": ""215021"", ""short_text"": ""215021"", ""language_code"": ""en"", ""source_api"": ""places_new""}]"
84,등록확정,S620667,제조업체,Daeyang Electronics,,2592851522,441640822,KR: 한국,13: Seoul,"26 Euljiro, Jung-gu, Seoul, Seoul 04539",서울특별시 중구 을지로 26 (04539),37.566010,126.982877,HAFS,2025-06-12,Factory Information,"26 Euljiro, Jung-gu, Seoul, Seoul 04539",Daeyang Electronics,확인 필요,UNVERIFIED_NOT_FOUND,표준·기존 좌표는 정합하나 TextSearch에서 업체 미발견,37.566010,126.982877,,https://www.google.com/maps/search/?api=1&query=Daeyang%20Electronics%20%EC%84%9C%EC%9A%B8%ED%8A%B9%EB%B3%84%EC%8B%9C%20%EC%A4%91%EA%B5%AC%20%EC%9D%84%EC%A7%80%EB%A1%9C%2026%20%2804539%29,"[{""types"": [""street_number""], ""long_text"": ""26"", ""short_text"": ""26"", ""language_code"": null, ""source_api"": ""geocoding""}, {""types"": [""route""], ""long_text"": ""26 Euljiro, Jung-gu"", ""short_text"": ""26 Euljiro, Jung-gu"", ""language_code"": null, ""source_api"": ""geocoding""}, {""types"": [""locality""], ""long_text"": ""Seoul"", ""short_text"": ""Seoul"", ""language_code"": null, ""source_api"": ""geocoding""}, {""types"": [""administrative_area_level_1""], ""long_text"": ""Seoul"", ""short_text"": ""Seoul"", ""language_code"": null, ""source_api"": ""geocoding""}, {""types"": [""country""], ""long_text"": ""한국"", ""short_text"": ""KR"", ""language_code"": null, ""source_api"": ""geocoding""}, {""types"": [""postal_code""], ""long_text"": ""04539"", ""short_text"": ""04539"", ""language_code"": null, ""source_api"": ""geocoding""}]"
85,등록확정,S324863,제조업체,Haiyuan Components,,4351049508,113464416,CN: 중국,020: Shanghai,"1000 Century Avenue, Pudong New District, Shanghai, Shanghai 200120",上海市浦东新区世纪大道1000号 200120,31.233705,121.524621,U28B,2025-09-23,원 메이커,"1000 Century Avenue, Pudong New District, Shanghai, Shanghai 200120",Haiyuan Components,확인 필요,UNVERIFIED_REVERSE_GEOCODE_ONLY,"지오코딩·TextSearch 모두 실패, Reverse Geocoding으로 주소만 확보",31.233705,121.524621,,https://www.google.com/maps/search/?api=1&query=Haiyuan%20Components%201000%20Century%20Avenue%2C%20Pudong%20New%20District%2C%20Shanghai%2C%20Shanghai%20200120,"[{""types"": [""street_number""], ""long_text"": ""1000"", ""short_text"": ""1000"", ""language_code"": null, ""source_api"": ""geocoding""}, {""types"": [""route""], ""long_text"": ""1000 Century Avenue, Pudong New District"", ""short_text"": ""1000 Century Avenue, Pudong New District"", ""language_code"": null, ""source_api"": ""geocoding""}, {""types"": [""locality""], ""long_text"": ""Shanghai"", ""short_text"": ""Shanghai"", ""language_code"": null, ""source_api"": ""geocoding""}, {""types"": [""administrative_area_level_1""], ""long_text"": ""Shanghai"", ""short_text"": ""Shanghai"", ""language_code"": null, ""source_api"": ""geocoding""}, {""types"": [""country""], ""long_text"": ""중국"", ""short_text"": ""CN"", ""language_code"": null, ""source_api"": ""geocoding""}, {""types"": [""postal_code""], ""long_text"": ""200120"", ""short_text"": ""200120"", ""language_code"": null, ""source_api"": ""geocoding""}]"
86,등록확정,S784347,제조업체,Nippon Seimitsu,,5526272919,98-742-9672,JP: 일본,13: Tokyo,"1-1-2 Oshiage, Sumida-ku, Tokyo, Tokyo 131-0045",131-0045 東京都墨田区押上1-1-2,35.710060,139.810700,YUCC,2025-11-19,Supply Tree,"1-1-2 Oshiage, Sumida-ku, Tokyo, Tokyo 131-0045",Nippon Seimitsu,검증 완료,VERIFIED_PLACEID_MATCH,place_id 동일 → 좌표 오차로 판단(기존좌표 오류 가능),35.712060,139.810700,mockG:tokyo:1-1-2-oshiage-sumida-ku,https://www.google.com/maps/place/?q=place_id:mockG:tokyo:1-1-2-oshiage-sumida-ku,"[{""types"": [""street_number""], ""long_text"": ""1-1-2"", ""short_text"": ""1-1-2"", ""language_code"": null, ""source_api"": ""geocoding""}, {""types"": [""route""], ""long_text"": ""1-1-2 Oshiage, Sumida-ku"", ""short_text"": ""1-1-2 Oshiage, Sumida-ku"", ""language_code"": null, ""source_api"": ""geocoding""}, {""types"": [""locality""], ""long_text"": ""Tokyo"", ""short_text"": ""Tokyo"", ""language_code"": null, ""source_api"": ""geocoding""}, {""types"": [""administrative_area_level_1""], ""long_text"": ""Tokyo"", ""short_text"": ""Tokyo"", ""language_code"": null, ""source_api"": ""geocoding""}, {""types"": [""country""], ""long_text"": ""일본"", ""short_text"": ""JP"", ""language_code"": null, ""source_api"": ""geocoding""}, {""types"": [""postal_code""], ""long_text"": ""131-0045"", ""short_text"": ""131-0045"", ""language_code"": null, ""source_api"": ""geocoding""}]"
87,검증중,S927256,제조업체,PIONEER SEMICONDUCTOR,,5495441385,236221707,CH: 스위스,SG: St. Gallen,Bahnhofstrasse 12  St. Gallen  St. Gallen 9000,"Bahnhofstrasse 12, 9000 St. Gallen",47.422780,9.369870,FJ1D,2024-05-28,협력사등록,"Bahnhofstrasse 12, St. Gallen, St. Gallen 9000",PIONEER SEMICONDUCTOR,확인 필요,UNVERIFIED_REVERSE_GEOCODE_ONLY,"지오코딩·TextSearch 모두 실패, Reverse Geocoding으로 주소만 확보",47.422780,9.369870,,https://www.google.com/maps/search/?api=1&query=PIONEER%20SEMICONDUCTOR%20Bahnhofstrasse%2012%2C%20St.%20Gallen%2C%20St.%20Gallen%209000,"[{""types"": [""street_number""], ""long_text"": ""Bahnhofstrasse"", ""short_text"": ""Bahnhofstrasse"", ""language_code"": null, ""source_api"": ""geocoding""}, {""types"": [""route""], ""long_text"": ""Bahnhofstrasse 12"", ""short_text"": ""Bahnhofstrasse 12"", ""language_code"": null, ""source_api"": ""geocoding""}, {""types"": [""locality""], ""long_text"": ""St. Gallen"", ""short_text"": ""St. Gallen"", ""language_code"": null, ""source_api"": ""geocoding""}, {""types"": [""administrative_area_level_1""], ""long_text"": ""St. Gallen"", ""short_text"": ""St. Gallen"", ""language_code"": null, ""source_api"": ""geocoding""}, {""types"": [""country""], ""long_text"": ""스위스"", ""short_text"": ""CH"", ""language_code"": null, ""source_api"": ""geocoding""}, {""types"": [""postal_code""], ""long_text"": ""9000"", ""short_text"": ""9000"", ""language_code"": null, ""source_api"": ""geocoding""}]"
88,등록확정,S602814,제조업체,Kyungi Chemical,,0978843072,187925542,KR: 한국,09: Gyeonggi-do,"1 Samsung-ro, Yeongtong-gu, Suwon",경기도 수원시 영통구 삼성로 1 (16677),37.257356,127.052550,HITA,2026-03-24,원 메이커,"1 Samsung-ro, Yeongtong-gu, Suwon, Gyeonggi-do 16677",Kyungi Chemical,검증 완료,VERIFIED_PROXIMITY_MATCH,place_id는 다르나 두 위치가 근접 → 동일 부지로 판단,37.259356,127.052550,mockG:suwon:1-samsung-ro-yeongtong-gu,https://www.google.com/maps/place/?q=place_id:mockG:suwon:1-samsung-ro-yeongtong-gu,"[{""types"": [""street_number""], ""long_text"": ""1"", ""short_text"": ""1"", ""language_code"": null, ""source_api"": ""geocoding""}, {""types"": [""route""], ""long_text"": ""1 Samsung-ro, Yeongtong-gu"", ""short_text"": ""1 Samsung-ro, Yeongtong-gu"", ""language_code"": null, ""source_api"": ""geocoding""}, {""types"": [""locality""], ""long_text"": ""Suwon"", ""short_text"": ""Suwon"", ""language_code"": null, ""source_api"": ""geocoding""}, {""types"": [""administrative_area_level_1""], ""long_text"": ""Gyeonggi-do"", ""short_text"": ""Gyeonggi-do"", ""language_code"": null, ""source_api"": ""geocoding""}, {""types"": [""country""], ""long_text"": ""한국"", ""short_text"": ""KR"", ""language_code"": null, ""source_api"": ""geocoding""}, {""types"": [""postal_code""], ""long_text"": ""16677"", ""short_text"": ""16677"", ""language_code"": null, ""source_api"": ""geocoding""}]"
89,등록확정,S929628,제조업체,Nexen Components 주식회사,,2365862018,15-931-1211,KR: 한국,09: Gyeonggi-do,"1 Samsung-ro, Yeongtong-gu, Suwon",경기도 수원시 영통구 삼성로 1 (16677),37.257356,127.052550,OYO9,2026-09-05,Factory Information,"1 Samsung-ro, Yeongtong-gu, Suwon, Gyeonggi-do 16677",Nexen Components,검증 완료,VERIFIED_PROXIMITY_MATCH,place_id는 다르나 두 위치가 근접 → 동일 부지로 판단,37.259356,127.052550,mockG:suwon:1-samsung-ro-yeongtong-gu,https://www.google.com/maps/place/?q=place_id:mockG:suwon:1-samsung-ro-yeongtong-gu,"[{""types"": [""street_number""], ""long_text"": ""1"", ""short_text"": ""1"", ""language_code"": null, ""source_api"": ""geocoding""}, {""types"": [""route""], ""long_text"": ""1 Samsung-ro, Yeongtong-gu"", ""short_text"": ""1 Samsung-ro, Yeongtong-gu"", ""language_code"": null, ""source_api"": ""geocoding""}, {""types"": [""locality""], ""long_text"": ""Suwon"", ""short_text"": ""Suwon"", ""language_code"": null, ""source_api"": ""geocoding""}, {""types"": [""administrative_area_level_1""], ""long_text"": ""Gyeonggi-do"", ""short_text"": ""Gyeonggi-do"", ""language_code"": null, ""source_api"": ""geocoding""}, {""types"": [""country""], ""long_text"": ""한국"", ""short_text"": ""KR"", ""language_code"": null, ""source_api"": ""geocoding""}, {""types"": [""postal_code""], ""long_text"": ""16677"", ""short_text"": ""16677"", ""language_code"": null, ""source_api"": ""geocoding""}]"
90,등록확정,S010650,제조업체,Sungwoo Materials,,4427316428,66-786-9666,KR: 한국,13: Seoul,"14 Sejong-daero, Jung-gu, Seoul, Seoul 04524",서울특별시 중구 세종대로 14 (04524),37.566295,126.976889,WULO,2026-06-25,Factory Information,"14 Sejong-daero, Jung-gu, Seoul, Seoul 04524",Sungwoo Materials,검증 완료,VERIFIED_GEOCODE_RELAXED,"표준·기존 좌표 정합, 표준좌표 TextSearch 매칭(반경 완화)",37.566295,126.976889,mockT:seoul:14-sejong-daero-jung-gu,https://www.google.com/maps/place/?q=place_id:mockT:seoul:14-sejong-daero-jung-gu,"[{""types"": [""route""], ""long_text"": ""14 Sejong-daero, Jung-gu"", ""short_text"": ""14 Sejong-daero, Jung-gu"", ""language_code"": ""en"", ""source_api"": ""places_new""}, {""types"": [""locality""], ""long_text"": ""Seoul"", ""short_text"": ""Seoul"", ""language_code"": ""en"", ""source_api"": ""places_new""}, {""types"": [""administrative_area_level_1""], ""long_text"": ""Seoul"", ""short_text"": ""Seoul"", ""language_code"": ""en"", ""source_api"": ""places_new""}, {""types"": [""country""], ""long_text"": ""한국"", ""short_text"": ""KR"", ""language_code"": ""en"", ""source_api"": ""places_new""}, {""types"": [""postal_code""], ""long_text"": ""04524"", ""short_text"": ""04524"", ""language_code"": ""en"", ""source_api"": ""places_new""}]"
91,임시저장,S004220,제조업체,Bavara Technik,,0173360750,104456573,CH: 스위스,SG: St. Gallen,"Marktgasse 8, St. Gallen 9004","Marktgasse 8, 9004 St. Gallen",47.425600,9.377180,WIZ8,2025-08-18,원 메이커,"Bahnhofstrasse 12, St. Gallen, St. Gallen 9000",Bavara Technik,확인 필요,UNVERIFIED_PLACEID_MISMATCH,표준·기존 좌표에서 서로 다른 업체 발견 → 동명이업체/위치오류 의심(두 후보 제시),47.422780,9.369870,,https://www.google.com/maps/search/?api=1&query=Bavara%20Technik%20Marktgasse%208%2C%209004%20St.%20Gallen,"[{""types"": [""street_number""], ""long_text"": ""Bahnhofstrasse"", ""short_text"": ""Bahnhofstrasse"", ""language_code"": null, ""source_api"": ""geocoding""}, {""types"": [""route""], ""long_text"": ""Bahnhofstrasse 12"", ""short_text"": ""Bahnhofstrasse 12"", ""language_code"": null, ""source_api"": ""geocoding""}, {""types"": [""locality""], ""long_text"": ""St. Gallen"", ""short_text"": ""St. Gallen"", ""language_code"": null, ""source_api"": ""geocoding""}, {""types"": [""administrative_area_level_1""], ""long_text"": ""St. Gallen"", ""short_text"": ""St. Gallen"", ""language_code"": null, ""source_api"": ""geocoding""}, {""types"": [""country""], ""long_text"": ""스위스"", ""short_text"": ""CH"", ""language_code"": null, ""source_api"": ""geocoding""}, {""types"": [""postal_code""], ""long_text"": ""9000"", ""short_text"": ""9000"", ""language_code"": null, ""source_api"": ""geocoding""}, {""types"": [""route""], ""long_text"": ""Marktgasse 8"", ""short_text"": ""Marktgasse 8"", ""language_code"": ""en"", ""source_api"": ""places_new""}, {""types"": [""locality""], ""long_text"": ""St. Gallen"", ""short_text"": ""St. Gallen"", ""language_code"": ""en"", ""source_api"": ""places_new""}, {""types"": [""administrative_area_level_1""], ""long_text"": ""St. Gallen"", ""short_text"": ""St. Gallen"", ""language_code"": ""en"", ""source_api"": ""places_new""}, {""types"": [""country""], ""long_text"": ""스위스"", ""short_text"": ""CH"", ""language_code"": ""en"", ""source_api"": ""places_new""}, {""types"": [""postal_code""], ""long_text"": ""9004"", ""short_text"": ""9004"", ""language_code"": ""en"", ""source_api"": ""places_new""}]"
92,검증중,S268695,제조업체,TOYO MATERIALS,,5127037472,68-307-1921,JP: 일본,13: Tokyo,"2-11-1 N@gatacho, Chiyoda-ku, Tokyo, Tokyo 100-0014",100-0014 東京都千代田区永田町2-11-1,35.676190,139.744730,QTEC,2024-07-23,Supply Tree,"2-11-1 Nagatacho, Chiyoda-ku, Tokyo, Tokyo 100-0014",TOYO MATERIALS,확인 필요,UNVERIFIED_NOT_FOUND,표준·기존 좌표는 정합하나 TextSearch에서 업체 미발견,35.676190,139.744730,,https://www.google.com/maps/search/?api=1&query=TOYO%20MATERIALS%20100-0014%20%E6%9D%B1%E4%BA%AC%E9%83%BD%E5%8D%83%E4%BB%A3%E7%94%B0%E5%8C%BA%E6%B0%B8%E7%94%B0%E7%94%BA2-11-1,"[{""types"": [""street_number""], ""long_text"": ""2-11-1"", ""short_text"": ""2-11-1"", ""language_code"": null, ""source_api"": ""geocoding""}, {""types"": [""route""], ""long_text"": ""2-11-1 Nagatacho, Chiyoda-ku"", ""short_text"": ""2-11-1 Nagatacho, Chiyoda-ku"", ""language_code"": null, ""source_api"": ""geocoding""}, {""types"": [""locality""], ""long_text"": ""Tokyo"", ""short_text"": ""Tokyo"", ""language_code"": null, ""source_api"": ""geocoding""}, {""types"": [""administrative_area_level_1""], ""long_text"": ""Tokyo"", ""short_text"": ""Tokyo"", ""language_code"": null, ""source_api"": ""geocoding""}, {""types"": [""country""], ""long_text"": ""일본"", ""short_text"": ""JP"", ""language_code"": null, ""source_api"": ""geocoding""}, {""types"": [""postal_code""], ""long_text"": ""100-0014"", ""short_text"": ""100-0014"", ""language_code"": null, ""source_api"": ""geocoding""}]"
93,등록확정,S956167,제조업체,大和エレクトロニクス,,8095642762,467866513,JP: 일본,23: Aichi,1-1-4 Meieki  Nakamura-ku  Nagoya  Aichi 450-0002,450-0002 愛知県名古屋市中村区名駅1-1-4,35.170920,136.881637,QRLL,2025-05-19,Factory Information,"1-1-4 Meieki, Nakamura-ku, Nagoya, Aichi 450-0002",大和エレクトロニクス,검증 완료,VERIFIED_COORD_DIRECT,"지오코딩 실패, 기존좌표 TextSearch로 매칭",35.170920,136.881637,mockT:nagoya:1-1-4-meieki-nakamura-ku,https://www.google.com/maps/place/?q=place_id:mockT:nagoya:1-1-4-meieki-nakamura-ku,"[{""types"": [""route""], ""long_text"": ""1-1-4 Meieki, Nakamura-ku"", ""short_text"": ""1-1-4 Meieki, Nakamura-ku"", ""language_code"": ""en"", ""source_api"": ""places_new""}, {""types"": [""locality""], ""long_text"": ""Nagoya"", ""short_text"": ""Nagoya"", ""language_code"": ""en"", ""source_api"": ""places_new""}, {""types"": [""administrative_area_level_1""], ""long_text"": ""Aichi"", ""short_text"": ""Aichi"", ""language_code"": ""en"", ""source_api"": ""places_new""}, {""types"": [""country""], ""long_text"": ""일본"", ""short_text"": ""JP"", ""language_code"": ""en"", ""source_api"": ""places_new""}, {""types"": [""postal_code""], ""long_text"": ""450-0002"", ""short_text"": ""450-0002"", ""language_code"": ""en"", ""source_api"": ""places_new""}]"
94,등록확정,S781909,제조업체,Hanla Precision,,7191959046,44-341-3617,KR: 한국,09: Gyeonggi-do,"152 Gwanggyo-ro, Yeongtong-gu, Suwon, Gyeonggi-do 16229",경기도 수원시 영통구 광교로 152 (16229),37.287280,127.046370,WR8E,2025-05-21,원 메이커,"152 Gwanggyo-ro, Yeongtong-gu, Suwon, Gyeonggi-do 16229",Hanla Precision,확인 필요,UNVERIFIED_PLACEID_MISMATCH,표준·기존 좌표에서 서로 다른 업체 발견 → 동명이업체/위치오류 의심(두 후보 제시),37.289280,127.046370,,https://www.google.com/maps/search/?api=1&query=Hanla%20Precision%20%EA%B2%BD%EA%B8%B0%EB%8F%84%20%EC%88%98%EC%9B%90%EC%8B%9C%20%EC%98%81%ED%86%B5%EA%B5%AC%20%EA%B4%91%EA%B5%90%EB%A1%9C%20152%20%2816229%29,"[{""types"": [""street_number""], ""long_text"": ""152"", ""short_text"": ""152"", ""language_code"": null, ""source_api"": ""geocoding""}, {""types"": [""route""], ""long_text"": ""152 Gwanggyo-ro, Yeongtong-gu"", ""short_text"": ""152 Gwanggyo-ro, Yeongtong-gu"", ""language_code"": null, ""source_api"": ""geocoding""}, {""types"": [""locality""], ""long_text"": ""Suwon"", ""short_text"": ""Suwon"", ""language_code"": null, ""source_api"": ""geocoding""}, {""types"": [""administrative_area_level_1""], ""long_text"": ""Gyeonggi-do"", ""short_text"": ""Gyeonggi-do"", ""language_code"": null, ""source_api"": ""geocoding""}, {""types"": [""country""], ""long_text"": ""한국"", ""short_text"": ""KR"", ""language_code"": null, ""source_api"": ""geocoding""}, {""types"": [""postal_code""], ""long_text"": ""16229"", ""short_text"": ""16229"", ""language_code"": null, ""source_api"": ""geocoding""}, {""types"": [""route""], ""long_text"": ""152 Gwanggyo-ro, Yeongtong-gu"", ""short_text"": ""152 Gwanggyo-ro, Yeongtong-gu"", ""language_code"": ""en"", ""source_api"": ""places_new""}, {""types"": [""locality""], ""long_text"": ""Suwon"", ""short_text"": ""Suwon"", ""language_code"": ""en"", ""source_api"": ""places_new""}, {""types"": [""administrative_area_level_1""], ""long_text"": ""Gyeonggi-do"", ""short_text"": ""Gyeonggi-do"", ""language_code"": ""en"", ""source_api"": ""places_new""}, {""types"": [""country""], ""long_text"": ""한국"", ""short_text"": ""KR"", ""language_code"": ""en"", ""source_api"": ""places_new""}, {""types"": [""postal_code""], ""long_text"": ""16229"", ""short_text"": ""16229"", ""language_code"": ""en"", ""source_api"": ""places_new""}]"
95,재검토요청,S943378,제조업체,Asahi Components,,4239227586,18-794-2508,JP: 일본,13: Tokyo,"1-1-2 Oshiage, Sumida-ku, Tokyo, Tokyo 131-0045",131-0045 東京都墨田区押上1-1-2,35.710060,139.810700,GNT2,2026-05-27,Supply Tree,"1-1-2 Oshiage, Sumida-ku, Tokyo, Tokyo 131-0045",Asahi Components,검증 완료,VERIFIED_PLACEID_MATCH,place_id 동일 → 좌표 오차로 판단(기존좌표 오류 가능),35.712060,139.810700,mockG:tokyo:1-1-2-oshiage-sumida-ku,https://www.google.com/maps/place/?q=place_id:mockG:tokyo:1-1-2-oshiage-sumida-ku,"[{""types"": [""street_number""], ""long_text"": ""1-1-2"", ""short_text"": ""1-1-2"", ""language_code"": null, ""source_api"": ""geocoding""}, {""types"": [""route""], ""long_text"": ""1-1-2 Oshiage, Sumida-ku"", ""short_text"": ""1-1-2 Oshiage, Sumida-ku"", ""language_code"": null, ""source_api"": ""geocoding""}, {""types"": [""locality""], ""long_text"": ""Tokyo"", ""short_text"": ""Tokyo"", ""language_code"": null, ""source_api"": ""geocoding""}, {""types"": [""administrative_area_level_1""], ""long_text"": ""Tokyo"", ""short_text"": ""Tokyo"", ""language_code"": null, ""source_api"": ""geocoding""}, {""types"": [""country""], ""long_text"": ""일본"", ""short_text"": ""JP"", ""language_code"": null, ""source_api"": ""geocoding""}, {""types"": [""postal_code""], ""long_text"": ""131-0045"", ""short_text"": ""131-0045"", ""language_code"": null, ""source_api"": ""geocoding""}]"
96,검증중,S542644,제조업체,DAIWA ELECTRONICS,,1337887233,78-448-9714,JP: 일본,13: Tokyo,1-1-2 Oshiage  Sumida-ku  Tokyo  Tokyo 131-0045,131-0045 東京都墨田区押上1-1-2,35.710060,139.810700,KI7V,2026-09-08,Factory Information,"1-1-2 Oshiage, Sumida-ku, Tokyo, Tokyo 131-0045",DAIWA ELECTRONICS,검증 완료,VERIFIED_PLACEID_MATCH,place_id 동일 → 좌표 오차로 판단(기존좌표 오류 가능),35.712060,139.810700,mockG:tokyo:1-1-2-oshiage-sumida-ku,https://www.google.com/maps/place/?q=place_id:mockG:tokyo:1-1-2-oshiage-sumida-ku,"[{""types"": [""street_number""], ""long_text"": ""1-1-2"", ""short_text"": ""1-1-2"", ""language_code"": null, ""source_api"": ""geocoding""}, {""types"": [""route""], ""long_text"": ""1-1-2 Oshiage, Sumida-ku"", ""short_text"": ""1-1-2 Oshiage, Sumida-ku"", ""language_code"": null, ""source_api"": ""geocoding""}, {""types"": [""locality""], ""long_text"": ""Tokyo"", ""short_text"": ""Tokyo"", ""language_code"": null, ""source_api"": ""geocoding""}, {""types"": [""administrative_area_level_1""], ""long_text"": ""Tokyo"", ""short_text"": ""Tokyo"", ""language_code"": null, ""source_api"": ""geocoding""}, {""types"": [""country""], ""long_text"": ""일본"", ""short_text"": ""JP"", ""language_code"": null, ""source_api"": ""geocoding""}, {""types"": [""postal_code""], ""long_text"": ""131-0045"", ""short_text"": ""131-0045"", ""language_code"": null, ""source_api"": ""geocoding""}]"
97,등록확정,S570898,제조업체,KYUNGIN CHEMICAL,,6440908635,536107577,KR: 한국,12: Busan,"55 Jungang-daero, Dong-gu, Busan, Busan 48821",부산광역시 동구 중앙대로 55 (48821),35.115034,129.041624,URG1,2024-11-26,협력사등록,"55 Jungang-daero, Dong-gu, Busan, Busan 48821",KYUNGIN CHEMICAL,검증 완료,VERIFIED_TEXTSEARCH_ADDR_TEXT,"지오코딩·기존좌표 TextSearch 실패, 주소텍스트 TextSearch로 매칭(L1)",,,mockTSA:55-jungang-daero-dong-gu,https://www.google.com/maps/place/?q=place_id:mockTSA:55-jungang-daero-dong-gu,"[{""types"": [""route""], ""long_text"": ""55 Jungang-daero, Dong-gu"", ""short_text"": ""55 Jungang-daero, Dong-gu"", ""language_code"": ""en"", ""source_api"": ""places_new""}, {""types"": [""locality""], ""long_text"": ""Busan"", ""short_text"": ""Busan"", ""language_code"": ""en"", ""source_api"": ""places_new""}, {""types"": [""administrative_area_level_1""], ""long_text"": ""Busan"", ""short_text"": ""Busan"", ""language_code"": ""en"", ""source_api"": ""places_new""}, {""types"": [""country""], ""long_text"": ""한국"", ""short_text"": ""KR"", ""language_code"": ""en"", ""source_api"": ""places_new""}, {""types"": [""postal_code""], ""long_text"": ""48821"", ""short_text"": ""48821"", ""language_code"": ""en"", ""source_api"": ""places_new""}]"
98,등록확정,S202929,제조업체,Jinlong Semiconductor,,9726861377,29-478-1403,CN: 중국,020: Shanghai,"500 Nanjing Road, Huangpu District, Shanghai, Shanghai 200001",上海市黄浦区南京路500号 200001,31.235180,121.477500,CAZQ,2024-11-02,협력사등록,"500 Nanjing Road, Huangpu District, Shanghai, Shanghai 200001",Jinlong Semiconductor,검증 완료,VERIFIED_GEOCODE_DIRECT,"표준·기존 좌표 정합, 표준좌표 TextSearch 매칭 | (영문 주소 경로: UNVERIFIED_PLACEID_MISMATCH)",31.235180,121.477500,mockT:shanghai:500-nanjing-road-huangpu-district,https://www.google.com/maps/place/?q=place_id:mockT:shanghai:500-nanjing-road-huangpu-district,"[{""types"": [""route""], ""long_text"": ""500 Nanjing Road, Huangpu District"", ""short_text"": ""500 Nanjing Road, Huangpu District"", ""language_code"": ""en"", ""source_api"": ""places_new""}, {""types"": [""locality""], ""long_text"": ""Shanghai"", ""short_text"": ""Shanghai"", ""language_code"": ""en"", ""source_api"": ""places_new""}, {""types"": [""administrative_area_level_1""], ""long_text"": ""Shanghai"", ""short_text"": ""Shanghai"", ""language_code"": ""en"", ""source_api"": ""places_new""}, {""types"": [""country""], ""long_text"": ""중국"", ""short_text"": ""CN"", ""language_code"": ""en"", ""source_api"": ""places_new""}, {""types"": [""postal_code""], ""long_text"": ""200001"", ""short_text"": ""200001"", ""language_code"": ""en"", ""source_api"": ""places_new""}]"
99,등록확정,S876437,제조업체,Sungwoo Materials,,4703591462,862071818,KR: 한국,09: Gyeonggi-do,"1 Samsung-ro, Yeongtong-gu, Suwon, Gyeonggi-do 16677",경기도 수원시 영통구 삼성로 1 (16677),37.257356,127.052550,ISXA,2025-09-17,원 메이커,"1 Samsung-ro, Yeongtong-gu, Suwon, Gyeonggi-do 16677",Sungwoo Materials,검증 완료,VERIFIED_PROXIMITY_MATCH,place_id는 다르나 두 위치가 근접 → 동일 부지로 판단,37.259356,127.052550,mockG:suwon:1-samsung-ro-yeongtong-gu,https://www.google.com/maps/place/?q=place_id:mockG:suwon:1-samsung-ro-yeongtong-gu,"[{""types"": [""street_number""], ""long_text"": ""1"", ""short_text"": ""1"", ""language_code"": null, ""source_api"": ""geocoding""}, {""types"": [""route""], ""long_text"": ""1 Samsung-ro, Yeongtong-gu"", ""short_text"": ""1 Samsung-ro, Yeongtong-gu"", ""language_code"": null, ""source_api"": ""geocoding""}, {""types"": [""locality""], ""long_text"": ""Suwon"", ""short_text"": ""Suwon"", ""language_code"": null, ""source_api"": ""geocoding""}, {""types"": [""administrative_area_level_1""], ""long_text"": ""Gyeonggi-do"", ""short_text"": ""Gyeonggi-do"", ""language_code"": null, ""source_api"": ""geocoding""}, {""types"": [""country""], ""long_text"": ""한국"", ""short_text"": ""KR"", ""language_code"": null, ""source_api"": ""geocoding""}, {""types"": [""postal_code""], ""long_text"": ""16677"", ""short_text"": ""16677"", ""language_code"": null, ""source_api"": ""geocoding""}]"
100,등록확정,S247876,공항,대양전자,PUS,8760159332,15-293-0767,KR: 한국,12: Busan,"동구 중앙대로 55, Busan 48821",부산광역시 동구 중앙대로 55 (48821),35.115034,129.041624,N6L0,2025-09-21,Supply Tree,"55 Jungang-daero, Dong-gu, Busan, Busan 48821",대양전자,검증 완료,VERIFIED_TEXTSEARCH_ADDR_TEXT,"지오코딩·기존좌표 TextSearch 실패, 주소텍스트 TextSearch로 매칭(L1)",,,mockTSA:55-jungang-daero-dong-gu,https://www.google.com/maps/place/?q=place_id:mockTSA:55-jungang-daero-dong-gu,"[{""types"": [""route""], ""long_text"": ""55 Jungang-daero, Dong-gu"", ""short_text"": ""55 Jungang-daero, Dong-gu"", ""language_code"": ""en"", ""source_api"": ""places_new""}, {""types"": [""locality""], ""long_text"": ""Busan"", ""short_text"": ""Busan"", ""language_code"": ""en"", ""source_api"": ""places_new""}, {""types"": [""administrative_area_level_1""], ""long_text"": ""Busan"", ""short_text"": ""Busan"", ""language_code"": ""en"", ""source_api"": ""places_new""}, {""types"": [""country""], ""long_text"": ""한국"", ""short_text"": ""KR"", ""language_code"": ""en"", ""source_api"": ""places_new""}, {""types"": [""postal_code""], ""long_text"": ""48821"", ""short_text"": ""48821"", ""language_code"": ""en"", ""source_api"": ""places_new""}]"
